year,time,Temp,Hum,spd,windmag,dir
2014,100,61.862,90.1,3.6478464,8.044,179.7
2014,200,61.25,89.9,3.60403648,7.945,178.2
2014,300,60.638,90.5,3.37649312,7.461,180.5
2014,400,59.99,92,3.33134208,7.354,178
2014,500,58.946,94.9,4.3228768,9.531,169.5
2014,600,58.928,95.9,4.56517248,10.055,170.7
2014,700,61.106,94.4,4.85843072,10.696,177.4
2014,800,64.904,87.4,5.68768992,12.49,181.9
2014,900,65.354,87.2,6.24157248,13.698,183.7
2014,1000,66.974,85.6,6.87145184,15.062,189.2
2014,1100,69.224,83.1,5.85980032,12.73,182.7
2014,1200,70.034,82.5,4.83160832,10.508,196.9
2014,1300,73.796,77.2,4.54103232,9.804,190.8
2014,1400,77.216,72.1,5.35732736,11.614,177.4
2014,1500,77.558,72.8,5.99212416,13.005,169.8
2014,1600,77.324,73.6,5.55357792,12.125,172.8
2014,1700,76.73,74.5,5.44226496,11.903,177
2014,1800,76.298,76.9,4.5531024,9.943,173.2
2014,1900,75.938,78.5,3.09306976,6.772,155
2014,2000,73.436,83.5,2.5324816,5.468,133.7
2014,2100,70.286,90.9,3.70327936,8.138,129.9
2014,2200,68.792,93.5,3.81906272,8.389,136.3
2014,2300,67.406,96,4.86781856,10.732,145.6
2014,2400,66.506,95.7,4.49230496,9.896,147.9
2014,100,65.894,95,3.92858752,8.631,154.1
2014,200,65.264,95.3,3.9361872,8.655,158.2
2014,300,64.148,96.6,4.46503552,9.822,166
2014,400,63.536,96.9,4.77841056,10.526,172.6
2014,500,62.888,97.8,3.99966688,8.79,169.2
2014,600,62.726,98.1,4.02246592,8.823,164
2014,700,64.67,96,4.0255952,8.844,164.4
2014,800,67.856,90,4.23659808,9.292,169
2014,900,70.862,84.5,4.53119744,9.854,166.9
2014,1000,72.374,82.1,4.52136256,9.825,156.4
2014,1100,73.94,80.6,5.19102848,10.92,159.4
2014,1200,75.2,79.8,5.1119024,11.012,173.4
2014,1300,77.99,77,5.03903488,10.983,166.3
2014,1400,81.482,73,4.39797952,9.594,161.8
2014,1500,83.282,70.1,4.44313056,9.661,176.5
2014,1600,84.668,68.46,4.75963488,10.391,181
2014,1700,84.812,68.45,5.15124192,11.296,180.6
2014,1800,84.65,69.98,4.17580064,9.137,187.2
2014,1900,83.678,73.6,2.53158752,5.557,169.1
2014,2000,80.582,81.1,2.31611424,5.094,160.9
2014,2100,78.728,83.9,2.78684736,6.129,173.9
2014,2200,77.054,85.8,2.7336496,6.03,178.4
2014,2300,75.866,87.6,2.50431808,5.548,182.4
2014,2400,74.678,88.8,2.49850656,5.531,191.5
2014,100,73.67,90.6,2.78461216,6.037,221
2014,200,73.148,91.7,3.65589312,6.716,248.6
2014,300,72.95,92.4,3.14224416,6.729,258.3
2014,400,72.608,93.2,3.8132512,8.024,287.9
2014,500,71.546,95.5,5.8048144,12.331,336.5
2014,600,70.88,96.8,4.80478592,10.324,353.4
2014,700,71.6,96.1,3.196336,6.738,25.87
2014,800,73.922,92.8,2.46050816,4.648,45.71
2014,900,77.882,86.3,2.34338368,4.708,342.5
2014,1000,81.122,81.2,4.60048864,9.834,345.5
2014,1100,82.742,79,4.73057728,10.165,335.3
2014,1200,84.362,77.5,3.3103312,6.924,19.07
2014,1300,86.162,74.6,3.52401632,7.468,4
2014,1400,86.324,75.3,3.766312,7.903,359.2
2014,1500,88.826,71.1,4.0323008,4.428,18.15
2014,1600,89.456,70.4,3.12749184,6.561,340.3
2014,1700,88.898,72.3,3.06937664,6.341,1.678
2014,1800,88.574,71.5,3.01394368,6.38,9.65
2014,1900,86.108,79.6,2.66569952,5.77,22.39
2014,2000,82.85,89.6,1.7255744,3.683,25.42
2014,2100,81.302,93,2.9079952,6.306,19.21
2014,2200,79.808,94.4,2.3111968,5.038,19.39
2014,2300,78.746,95.2,1.9915632,4.321,21.52
2014,2400,78.296,96.4,1.95177664,4.234,19.68
2014,100,79.646,88.4,1.88159136,4.09,11.03
2014,200,79.178,84.1,1.30580384,2.589,22.72
2014,300,77.846,85.2,0.99421696,1.94,27.98
2014,400,75.848,86.7,1.4819376,3.006,32.86
2014,500,74.462,87.1,1.71618656,3.732,8.85
2014,600,70.772,84.2,1.28881632,2.789,16.09
2014,700,71.942,75.8,1.6384016,3.479,357.4
2014,800,74.57,71.5,2.13595712,4.556,43.7
2014,900,78.296,66.21,1.94372992,4.016,45.13
2014,1000,77.324,69.76,2.00676256,3.965,62.75
2014,1100,77.378,71.6,2.83289248,5.855,63.09
2014,1200,79.25,71.3,3.11229248,6.474,55.47
2014,1300,80.816,69.61,2.41535712,4.863,58.38
2014,1400,80.906,67.01,2.3983696,4.715,76.5
2014,1500,77.342,75.2,2.68581632,5.622,72.1
2014,1600,78.962,72.2,2.95001696,6.198,59.53
2014,1700,80.42,67.5,3.1672784,6.854,72.7
2014,1800,80.564,66.01,2.89816032,6.27,74.5
2014,1900,78.08,67.49,2.00586848,4.402,79.3
2014,2000,74.804,75.7,1.542288,3.412,73.7
2014,2100,71.384,80.3,1.66343584,3.66,81.7
2014,2200,68.324,87.3,1.53915872,3.266,86.5
2014,2300,66.65,86.6,1.329944,2.838,135.7
2014,2400,64.94,87.5,1.4238224,2.735,120.6
2014,100,63.5,89.1,1.609344,3.306,146.3
2014,200,62.42,88.3,1.93255392,4.283,136.6
2014,300,62.492,86.3,2.32103168,5.098,139
2014,400,60.782,89.5,2.00363328,4.352,159.7
2014,500,59.612,90.8,2.44352064,5.36,158.9
2014,600,59.486,90.8,3.22360544,7.078,156.2
2014,700,62.348,87.5,2.8901136,6.312,160.7
2014,800,66.524,79.7,2.50029472,2.905,132.7
2014,900,69.908,69.11,3.91428224,6.754,121.5
2014,1000,72.536,65.54,7.029704,15.382,175.1
2014,1100,74.624,60.36,8.39138784,18.368,181.9
2014,1200,75.902,59.64,8.67168192,18.995,177.9
2014,1300,76.91,55.77,6.91257952,14.896,160.6
2014,1400,78.404,53.4,7.00154048,15.241,139.5
2014,1500,79.43,51.61,8.5518752,18.547,162.4
2014,1600,79.358,51.52,7.800848,17.024,159.8
2014,1700,79.07,51.95,6.6452496,13.951,138.9
2014,1800,77.954,53.47,7.10972416,15.483,116.7
2014,1900,75.506,62.95,7.71054592,16.845,133.7
2014,2000,70.664,79.5,7.41996992,16.285,146.3
2014,2100,68.144,80,6.96756544,15.277,159.2
2014,2200,66.794,80.4,6.75745664,14.833,167.1
2014,2300,65.804,81.4,7.2800464,15.626,190.1
2014,2400,65.426,81.5,12.13668896,26.768,193.9
2014,100,63.68,87.1,8.37127104,18.278,206.8
2014,200,63.68,86.9,6.75209216,14.795,210.4
2014,300,63.662,88.4,7.35023168,16.128,207
2014,400,61.988,93.4,5.72792352,12.546,193.1
2014,500,61.142,96.3,2.47526048,1.658,139.5
2014,600,61.538,96.1,2.75063712,5.862,73.7
2014,700,61.736,95.7,4.28666656,9.274,93
2014,800,62.618,94.5,5.09312672,11.003,116.9
2014,900,64.724,90.1,4.59512416,9.93,117.9
2014,1000,68.144,82.9,5.39040832,11.666,129.7
2014,1100,73.544,69.27,5.28803616,11.469,144.6
2014,1200,76.172,64.98,3.56201472,7.616,149.3
2014,1300,78.854,62.98,2.078736,3.857,153.5
2014,1400,79.898,62.12,1.31385056,1.454,45.45
2014,1500,80.168,60.84,1.61023808,2.93,12.17
2014,1600,80.24,60.66,2.04789024,4.2,29.04
2014,1700,79.232,62.26,1.9848576,4.059,78.1
2014,1800,76.496,68.85,1.72736256,3.568,68.89
2014,1900,74.642,69.59,1.7523968,3.846,59.95
2014,2000,72.968,71.6,1.04026208,2.256,64.49
2014,2100,71.798,72.8,1.19180864,2.359,44.07
2014,2200,71.438,73.2,1.195832,2.164,53.6
2014,2300,71.852,72.3,1.48506688,3.078,45.73
2014,2400,72.374,76.6,1.27764032,2.692,63.25
2014,100,74.714,72.9,1.1935968,2.197,81
2014,200,73.49,77.6,1.58207456,2.843,75.4
2014,300,75.452,73.5,1.90081408,4.104,61.36
2014,400,75.038,78.9,1.475232,2.843,173.7
2014,500,71.78,88.2,1.53513536,3.174,143.7
2014,600,70.61,92.3,0.9745472,1.167,95.4
2014,700,69.476,88.4,1.9826224,3.371,300.4
2014,800,69.8,84.4,1.29775712,1.942,49.93
2014,900,73.85,81.6,3.2544512,6.998,144.2
2014,1000,76.172,80.1,4.05733504,8.776,135.3
2014,1100,77.54,77.4,3.76497088,7.558,109.4
2014,1200,80.078,75.4,4.54818496,9.838,53.11
2014,1300,82.112,72.7,3.2656272,4.361,44.77
2014,1400,84.056,69.31,3.39169248,7.186,87.7
2014,1500,84.722,69.84,2.75287232,5.645,102.5
2014,1600,84.974,70.5,1.95445888,3.698,81.2
2014,1700,84.596,70.9,1.8194528,3.739,48.35
2014,1800,83.534,73.5,2.1547328,4.572,11.16
2014,1900,81.32,80.3,2.52667008,5.43,8.13
2014,2000,78.854,87.5,1.94149472,4.209,345.6
2014,2100,76.568,90.4,1.5780512,3.438,332.8
2014,2200,75.182,92.9,2.01257408,4.428,322.2
2014,2300,74.048,93.4,1.8976848,4.148,300.6
2014,2400,73.148,94.2,1.98888096,4.328,293.4
2014,100,72.338,96,2.61652512,5.607,308.8
2014,200,72.212,94.8,3.07518816,6.711,326.6
2014,300,71.798,95.6,2.41446304,4.722,290.3
2014,400,70.52,97,2.3223728,4.986,284.6
2014,500,69.89,98.1,2.5525984,5.466,281.1
2014,600,69.386,98.4,2.96923968,6.498,310.3
2014,700,69.584,98.6,3.26160384,7.134,296.3
2014,800,74.03,92.1,4.19457632,9.063,302.1
2014,900,77.036,86.5,5.13783072,11.077,313.7
2014,1000,79.124,79.4,5.90405728,12.851,318
2014,1100,79.286,78.6,6.26034816,13.539,322.5
2014,1200,76.532,85.8,6.32874528,13.729,321.4
2014,1300,74.102,94.6,6.36182624,13.72,322.8
2014,1400,78.26,88.3,6.37881376,13.63,330.1
2014,1500,81.23,77,5.4114192,11.525,337.5
2014,1600,82.364,73.6,5.23617952,11.108,339.8
2014,1700,82.256,73.1,4.90492288,10.485,343.5
2014,1800,81.86,74.8,4.46995296,9.572,345.9
2014,1900,79.79,77.1,4.034536,8.687,353
2014,2000,76.766,83.8,3.207512,6.926,3.047
2014,2100,73.796,89.4,2.9549344,6.397,357.9
2014,2200,72.932,92.2,2.0139152,4.24,334.6
2014,2300,70.034,95.2,2.6285952,5.759,323
2014,2400,67.928,96.3,2.55528064,5.544,307.2
2014,100,66.686,89.1,2.72068544,5.943,318.5
2014,200,64.292,86.7,2.77477728,6.021,332.5
2014,300,61.43,88.4,2.16277952,4.641,343.9
2014,400,59.846,89.3,1.86236864,3.918,333
2014,500,59.594,86.7,2.35724192,5.172,310.8
2014,600,59.756,84.2,2.75063712,5.992,307.2
2014,700,61.826,81.9,2.8118816,6.142,318.8
2014,800,65.156,76.4,2.94107616,6.234,332.2
2014,900,67.892,70.3,3.49898208,7.473,339.5
2014,1000,69.656,65.41,3.5450272,7.533,344.6
2014,1100,71.438,62.46,3.82040384,8.071,337.9
2014,1200,72.662,60.63,3.47171264,7.323,333.9
2014,1300,73.634,58.2,3.29960224,6.83,334.8
2014,1400,74.606,57.01,3.10603392,6.467,326.5
2014,1500,75.344,57.38,3.0309312,6.27,332.5
2014,1600,75.434,56.4,3.14626752,6.451,329.2
2014,1700,74.822,56.66,3.3505648,7.029,319.6
2014,1800,73.904,58.19,2.73767296,5.815,328.6
2014,1900,71.852,62.57,2.66569952,5.806,321.7
2014,2000,67.496,72.5,1.80425344,3.895,336.3
2014,2100,63.05,80.4,1.81855872,4.007,325.9
2014,2200,59.738,88.6,1.51591264,3.217,350.4
2014,2300,58.388,90.7,1.72915072,3.759,0.064
2014,2400,56.948,93.5,1.66343584,3.606,3.795
2014,100,57.866,92.9,1.25662944,2.213,6.689
2014,200,58.802,91.8,0.64194944,0.847,74.8
2014,300,58.514,93.3,1.4618208,2.928,337.6
2014,400,57.326,94.9,1.73853856,3.792,335.3
2014,500,55.508,98,1.9535648,4.287,327
2014,600,55.616,98,2.0697952,4.574,300.7
2014,700,56.984,97,1.48998432,3.158,325.3
2014,800,61.124,87.8,1.53692352,3.111,358.5
2014,900,64.706,76.7,1.35184896,2.417,22.92
2014,1000,67.172,67.85,1.19046752,1.96,14.39
2014,1100,68.9,63.31,1.58833312,2.171,318.3
2014,1200,68.9,64.45,2.36439456,4.518,296.5
2014,1300,71.564,59.92,2.94197024,5.672,323.9
2014,1400,72.104,57.49,2.50252992,4.937,323.8
2014,1500,73.166,56.5,2.52756416,4.968,344.4
2014,1600,73.742,53.71,2.6554176,5.354,337.2
2014,1700,73.778,53.22,2.39032288,4.89,7.07
2014,1800,72.302,56.85,2.02375008,4.281,7.44
2014,1900,71.06,59.28,1.33262624,2.887,4.693
2014,2000,66.794,71.2,0.84803488,1.732,33.81
2014,2100,63.644,77.2,0.8002016,0.676,187.2
2014,2200,61.358,83.9,1.10552992,2.157,276.1
2014,2300,59.72,83,1.00941632,2.124,261.3
2014,2400,58.442,85.8,2.01078592,4.487,289.3
2014,100,57.362,88.8,1.84538112,3.927,314.5
2014,200,58.352,87,1.531112,3.311,325.8
2014,300,56.48,91.4,1.75731424,3.792,310.7
2014,400,55.868,93.2,2.1077936,4.556,316.3
2014,500,54.644,95.3,2.05280768,4.509,301.3
2014,600,52.772,97,1.70054016,3.736,321.3
2014,700,56.894,93.9,1.20566688,2.565,314.9
2014,800,61.196,88.2,1.67818816,3.595,326.2
2014,900,66.488,72.4,1.8283936,3.788,346.6
2014,1000,67.568,67.21,1.7121632,3.212,341
2014,1100,68.954,67.59,1.44080992,1.788,299.4
2014,1200,70.358,62,1.55301696,1.214,344.4
2014,1300,72.446,54.26,2.07471264,3.14,316.8
2014,1400,73.526,52.28,1.74256192,2.652,33.72
2014,1500,73.04,54.4,1.80335936,2.531,51.18
2014,1600,73.436,52.43,1.42516352,2.05,94.3
2014,1700,73.292,54.71,1.73049184,1.98,41.04
2014,1800,72.95,53.84,1.2114784,2.435,65.84
2014,1900,71.582,59.5,1.42784576,3.149,64.3
2014,2000,67.694,68.97,1.04964992,2.213,72.1
2014,2100,65.426,73,1.0706608,2.267,85.7
2014,2200,63.914,77.5,1.1466576,2.424,160.8
2014,2300,61.754,82.4,0.97052384,0.943,121.7
2014,2400,58.784,92,1.14039904,2.48,187.2
2014,100,58.064,91.6,1.38492992,2.652,170.2
2014,200,57.002,93.2,1.4059408,2.887,201.5
2014,300,56.822,92.8,1.14978688,1.568,128.3
2014,400,56.696,90.7,1.3008864,2.843,175.3
2014,500,55.616,91,1.42516352,3.042,164.3
2014,600,54.482,94.4,1.58207456,3.432,152.7
2014,700,57.56,92.2,1.76044352,3.821,180.6
2014,800,62.258,85,1.75418496,3.537,181.1
2014,900,68.756,72.2,1.43991584,1.434,123
2014,1000,72.032,61.48,1.56508704,2.704,85.2
2014,1100,73.49,53.84,2.21910656,4.467,147.1
2014,1200,74.588,53.96,2.43949728,5.107,124.1
2014,1300,75.848,51.77,2.45335552,5.121,109
2014,1400,76.802,49.92,3.14537344,6.718,91.7
2014,1500,76.82,47.47,5.2661312,11.487,70.9
2014,1600,77.144,46.8,5.21516864,11.46,75.7
2014,1700,77.36,46.61,3.90221216,8.465,92.3
2014,1800,75.74,51.44,2.69967456,5.728,92.6
2014,1900,73.238,60.05,1.76536096,3.732,69.6
2014,2000,69.908,66.39,1.82347616,3.989,59.98
2014,2100,68.198,64.4,1.71842176,3.73,67.31
2014,2200,66.452,68.53,1.72646848,3.777,65.18
2014,2300,63.464,76.7,1.53290016,3.239,46.11
2014,2400,61.538,82.7,1.65941248,3.631,29.76
2014,100,58.064,92,0.91822016,0.39,356.7
2014,200,57.38,92,1.07468416,2.278,80.6
2014,300,56.768,93.6,1.329944,2.435,118
2014,400,56.678,92.2,0.71213472,0.605,80.9
2014,500,56.264,94.2,1.4439392,2.943,43.12
2014,600,55.886,94.8,1.13861088,2.144,82.7
2014,700,56.714,95.6,1.02953312,2.173,339
2014,800,58.01,97.2,0.92447872,1.158,51.81
2014,900,60.548,96.2,1.26378208,2.433,205.2
2014,1000,65.912,86.9,1.25260608,2.034,222.9
2014,1100,70.358,77.5,1.35274304,1.1,165.3
2014,1200,73.76,67.34,1.53290016,1.682,87.5
2014,1300,75.704,62.4,1.67550592,2.318,135.8
2014,1400,76.766,63.88,1.35274304,1.245,159.5
2014,1500,76.406,69.62,1.65538912,2.596,172.9
2014,1600,74.246,70.5,1.90260224,3.732,140
2014,1700,75.236,67.69,1.71931584,3.338,163.3
2014,1800,74.21,70.3,1.2695936,2.659,142.5
2014,1900,71.996,80.2,1.3567664,2.959,125.6
2014,2000,68.486,86.7,1.28166368,2.8,88
2014,2100,65.624,89.5,1.37867136,3.02,80.9
2014,2200,64.058,90.7,1.35766048,2.659,124.6
2014,2300,63.194,91.6,1.4439392,2.793,147
2014,2400,62.204,94.4,1.35184896,2.659,162.8
2014,100,61.844,94,1.028192,1.913,197.3
2014,200,60.818,95.8,1.4327632,2.589,299.4
2014,300,60.08,94,1.03534464,1.761,222.2
2014,400,59.036,95.7,1.48909024,2.977,129
2014,500,57.956,97.5,1.98888096,4.296,177.8
2014,600,58.604,97.5,1.87935616,4.012,170.2
2014,700,59.324,96.2,0.7309104,0.907,218.8
2014,800,64.256,89,1.52619456,3.158,176.7
2014,900,68.756,79.7,2.16099136,4.646,177.8
2014,1000,72.428,71.2,3.25132192,6.931,184
2014,1100,74.768,65.94,3.17219584,6.644,173.6
2014,1200,76.802,61.68,3.76810016,8.039,159
2014,1300,78.044,58.16,4.12260288,8.772,155.5
2014,1400,78.296,56.12,4.30767744,9.298,171.1
2014,1500,79.466,52.84,4.26073824,9.137,169.9
2014,1600,79.466,52.54,3.85840224,8.239,166.9
2014,1700,78.584,56.05,3.55486208,7.715,161.7
2014,1800,77.918,59.1,3.02735488,6.606,153.2
2014,1900,76.226,66.72,2.45246144,5.392,142.6
2014,2000,72.77,74,1.99692768,4.305,129.6
2014,2100,69.764,75.7,1.7523968,3.506,147.2
2014,2200,68.468,77.3,2.77969472,0.461,210
2014,2300,66.218,83,4.83563168,8.646,195.6
2014,2400,64.508,87.2,1.72736256,2.975,107.7
2014,700,64.328,90.8,1.47880832,3.127,6.796
2014,600,63.338,93.6,1.43991584,3.102,16.91
2014,2100,72.176,84.4,1.34290816,2.941,21.31
2014,500,63.32,95.3,1.09345984,1.783,32.35
2014,1200,68.99,95.5,3.07518816,6.617,37.35
2014,1100,68.828,97,2.9661104,6.404,38.45
2014,500,65.282,96.8,2.17216736,4.702,40.42
2014,600,64.814,98.3,1.94775328,4.153,40.44
2014,1400,70.754,91.8,3.11944512,6.749,41.84
2014,1500,69.854,93.7,2.86597344,6.238,43.01
2014,1300,70.106,93.3,3.18918336,6.931,45.1
2014,1800,67.892,98.9,2.65050016,5.788,48.91
2014,1900,67.37,98.4,2.33623104,5.116,49.25
2014,1600,69.548,95,3.06535328,6.637,50.49
2014,300,65.282,92.6,1.49803104,3.293,52.56
2014,400,66.254,99.4,2.89279584,6.337,53.1
2014,1000,67.244,99,3.42253824,7.428,53.1
2014,2400,69.854,89.1,2.46229632,5.105,53.36
2014,900,66.794,99.3,2.78461216,5.967,54.86
2014,1700,68.63,98.2,2.9191712,6.391,55.02
2014,200,66.596,88.7,1.36168384,2.668,55.66
2014,2200,70.808,85.6,0.87128096,1.624,55.82
2014,2300,69.962,89,2.12969856,4.489,56.99
2014,400,64.67,91.4,1.66343584,3.615,57.04
2014,500,66.254,99.5,3.28842624,7.224,58.34
2014,400,65.588,96.2,2.4855424,5.28,60.35
2014,600,66.29,99.4,3.475736,7.614,60.4
2014,1600,78.872,74.3,4.62552288,10.096,61.52
2014,300,66.596,99.3,3.17219584,6.964,62.52
2014,1500,78.35,74.1,3.75021856,8.082,65.36
2014,700,66.29,99.3,4.11768544,9.016,66.91
2014,300,66.254,95.6,3.30630784,7.188,66.93
2014,2000,66.812,98.5,3.20348864,6.987,67.33
2014,2000,73.742,90.5,4.00726656,8.83,68.86
2014,800,66.488,99.6,3.37157568,7.385,70.1
2014,200,62.564,92.9,1.70411648,3.468,70.9
2014,100,66.38,84.4,1.18644416,2.309,73.9
2014,1600,74.966,82.2,3.75334784,8.254,74.7
2014,300,61.646,94.5,2.57763264,5.548,75
2014,1700,79.592,73.2,4.66843872,10.21,75.3
2014,100,68.63,91.2,3.00232064,6.42,75.6
2014,1900,74.696,88.3,3.88745984,8.559,76.2
2014,2000,73.436,75.4,1.3366496,2.961,76.5
2014,1100,74.876,73.6,3.56469696,7.719,76.7
2014,2100,66.398,98.7,3.82040384,8.364,78
2014,1800,76.244,82.7,4.75471744,10.443,78.5
2014,1100,77.99,75.1,3.02333152,6.579,78.7
2014,200,67.01,99,3.69791488,8.073,78.7
2014,1200,77.036,70.9,3.20125344,6.933,78.8
2014,2300,67.82,98,3.5606736,7.78,79.8
2014,1000,76.172,80,2.45156736,5.311,80.4
2014,2200,66.164,98.5,3.37246976,7.405,80.6
2014,100,67.136,98.8,3.28842624,7.235,81.5
2014,2400,67.226,97.7,3.29334368,7.197,82.4
2014,2300,65.876,98.5,2.58031488,5.526,82.8
2014,1700,80.51,60,2.46140224,5.333,83.4
2014,1900,70.736,90.6,4.05733504,8.9,83.4
2014,1500,75.596,81.1,3.79000512,8.337,83.6
2014,1400,78.476,71.4,3.27546208,6.908,83.7
2014,600,66.056,99.8,1.80246528,3.698,84.7
2014,2200,68.072,96.7,3.15252608,6.805,84.8
2014,100,64.076,90.3,1.8976848,4.052,85
2014,2100,68.756,92.6,3.91428224,8.588,85.3
2014,1800,72.248,87.7,3.6858448,8.104,85.4
2014,2000,69.584,91.7,3.97239744,8.723,85.4
2014,2100,72.32,92.4,4.70822528,10.291,85.9
2014,1200,76.424,78.4,3.49764096,7.526,86.2
2014,1700,74.3,84,3.26428608,7.128,86.8
2014,1900,77.342,66.28,1.7792192,3.871,86.9
2014,200,67.514,93.1,3.30049632,6.948,87.6
2014,2200,71.006,92.3,3.6590224,7.968,88
2014,2100,69.098,95.2,2.5794208,5.672,88.3
2014,1800,79.592,61.12,2.76985984,5.947,88.6
2014,1900,67.91,98.7,2.51951744,5.492,89.2
2014,900,73.328,88.3,2.38629952,4.988,89.6
2014,1400,75.236,81.1,3.66483392,7.93,90.7
2014,2400,69.656,93.1,4.8906176,10.685,93
2014,800,69.35,95.3,1.60800288,3.468,93.1
2014,2200,70.682,82.7,2.08678272,4.576,93.5
2014,700,66.578,97.9,1.45779744,3.051,93.6
2014,1500,80.96,58.14,3.21019424,6.619,93.9
2014,2000,67.424,99.3,2.17797888,4.778,94.2
2014,100,69.458,93.4,3.49495872,7.515,94.7
2014,1600,80.942,60,3.062224,6.337,95.4
2014,600,66.956,99.2,4.995672,10.938,96.9
2014,2000,70.628,91.9,1.55033472,3.214,97.1
2014,1300,78.8,68.68,2.2061424,4.601,97.4
2014,1400,80.366,60.32,2.85390336,5.914,97.5
2014,1300,77.522,74.8,3.32061312,7.09,97.8
2014,2100,66.92,99.6,2.51549408,5.492,98.4
2014,200,68.234,95.3,2.5995376,5.463,98.5
2014,2200,69.53,94.2,3.00813216,6.565,98.9
2014,2100,71.294,79.9,1.96071744,4.267,99.5
2014,1300,72.77,86.8,3.46187776,7.508,100.5
2014,400,67.172,96.8,3.60582464,7.847,103.3
2014,300,67.37,96.6,3.54100384,7.67,104.9
2014,1000,72.356,76.6,1.68042336,3.378,105.5
2014,2400,67.244,85,1.1757152,2.155,106.4
2014,2400,65.498,99.1,2.77969472,6.061,107.5
2014,500,67.136,97.9,4.15657792,9.068,107.9
2014,1200,71.132,91.1,3.49182944,7.549,108.6
2014,2300,70.088,94.6,2.91380672,6.274,112.4
2014,700,66.236,0,1.888744,3.978,112.5
2014,1800,68.144,98.3,1.69115232,3.586,115.5
2014,2300,64.238,97,2.68849856,5.557,115.5
2014,1600,68.558,97.1,2.64155936,5.513,115.8
2014,100,64.85,99.1,2.91291264,6.346,116.6
2014,200,64.598,98.7,2.71666208,5.945,118.5
2014,1100,69.926,94.7,3.44757248,7.47,119.6
2014,600,59.27,98.5,1.69115232,3.378,121.4
2014,2300,67.334,77.9,1.11044736,2.034,121.9
2014,800,67.442,99.6,2.86195008,5.3,123.5
2014,1300,79.394,62.27,2.49850656,4.814,124.9
2014,1000,65.75,97.3,3.30273152,7.166,125.5
2014,700,63.122,93.6,1.97859904,3.951,127.1
2014,600,64.508,99,3.04031904,6.639,127.3
2014,1700,68.18,98.2,2.40015776,5.143,128.1
2014,400,60.782,95.9,2.42116864,5.141,128.3
2014,1900,73.22,86.5,1.7233392,3.306,128.3
2014,300,64.508,98.8,3.23925184,7.074,129.8
2014,500,64.436,99.2,2.95225216,6.453,130.6
2014,400,64.472,98.8,2.94688768,6.427,131.2
2014,1100,65.678,98.3,3.60805984,7.871,131.9
2014,1200,67.262,97.6,3.74708928,8.14,132
2014,700,66.938,99.5,3.6411408,6.946,132.8
2014,1500,68.072,97.9,2.78371808,5.965,134.8
2014,700,64.31,98.7,2.838704,6.196,135.2
2014,1400,67.928,97.8,3.03495456,6.541,135.6
2014,800,64.526,98.4,3.1583376,6.901,136.1
2014,1300,68.162,96.4,3.74306592,8.091,136.3
2014,1000,68.504,97.1,3.1002224,6.736,137.3
2014,1700,73.814,83.4,2.91604192,6.337,138.8
2014,1200,78.35,64.71,2.44039136,4.688,139
2014,900,67.946,99.3,3.75021856,8.16,140.7
2014,300,66.596,99.9,3.65499904,7.992,141.3
2014,2400,63.986,98.9,2.68045184,5.864,141.3
2014,1100,76.712,69.95,3.03718976,6.415,141.4
2014,900,64.976,99.1,2.95806368,6.456,142.7
2014,800,67.316,87.3,3.4265616,7.417,143.2
2014,800,66.47,0,3.35771744,7.323,144.2
2014,1000,67.388,99.4,4.43418976,9.634,145.2
2014,100,66.794,0,5.02607072,10.974,146.6
2014,900,66.866,0,3.7059616,8.06,148.4
2014,500,59.576,97.1,2.07292448,4.424,152
2014,200,66.758,99.9,4.14450784,9.052,152.6
2014,1100,68.432,96.9,4.24285664,9.139,153.9
2014,2200,66.65,99.8,3.35145888,5.029,154.4
2014,1600,73.904,83.1,3.37246976,7.365,155.7
2014,1500,73.148,84.6,3.65589312,7.952,156.5
2014,1400,72.446,87.4,4.11768544,8.931,157
2014,1000,74.714,74.6,3.4667952,7.354,157.8
2014,1500,81.122,65.43,1.49892512,2.408,159.7
2014,1800,73.418,85.5,1.609344,3.331,162.4
2014,2400,66.704,0,3.1203392,6.509,162.7
2014,900,69.908,85.1,3.85616704,8.36,162.8
2014,1300,71.222,90.2,4.14048448,8.922,163.5
2014,1200,69.692,93.7,4.13780224,8.944,169.5
2014,1600,81.158,64.9,1.82034688,3.553,169.6
2014,400,66.416,99.6,2.37735872,5.074,179
2014,1700,79.88,66.11,1.78860704,3.297,196.5
2014,500,66.2,99.6,1.44706848,1.734,197.8
2014,2300,66.56,99.9,2.12388704,3.179,204.7
2014,900,69.134,80.8,1.34380224,1.606,229.5
2014,1400,80.366,66.17,1.15962176,1.705,231.9
2014,1800,79.844,64.19,2.02687936,4.33,237.1
2014,1900,77.846,72,1.1757152,2.287,286.2
2014,800,67.172,83.3,2.03090272,4.408,290.3
2014,2000,74.228,82.7,1.20074944,2.37,352.5
2014,100,65.768,96.9,2.65675872,5.777,148.7
2014,200,66.902,97.5,1.9155664,4.11,151.7
2014,300,67.046,97.3,1.23561856,2.041,173.7
2014,400,66.866,98.3,0.83015328,1.519,51.91
2014,500,66.614,98.8,1.04428544,1.987,128.9
2014,600,65.948,99.1,0.83015328,0.979,136.3
2014,700,66.578,99.4,0.51275488,0.412,216.1
2014,800,67.874,97.8,0.8560816,1.763,227.1
2014,900,69.44,93.7,1.3500608,2.558,307.2
2014,1000,71.06,88.7,2.06487776,4.164,324.5
2014,1100,71.708,85.4,3.16638432,6.59,5.571
2014,1200,73.922,81.7,2.9549344,6.2,5.972
2014,1300,74.876,79.5,2.65675872,5.501,358.4
2014,1400,75.02,79.3,2.68983968,5.499,335.1
2014,1500,74.336,82.6,2.77969472,5.815,331.4
2014,1600,74.246,83.3,2.98086272,6.335,333.9
2014,1700,72.95,86.6,2.99829728,6.449,319.6
2014,1800,72.356,90.5,2.50029472,5.349,328
2014,1900,71.438,93.4,2.11092288,4.574,327.2
2014,2000,69.926,95.2,2.83780992,6.147,342.5
2014,2100,68.864,96.3,2.6464768,5.743,344.7
2014,2200,69.296,95.6,2.47034304,5.329,325.3
2014,2300,68.702,96.3,2.78595328,6.111,315
2014,2400,67.982,98.1,3.24953376,7.137,316.8
2014,100,67.838,98.6,2.90888928,6.324,328.6
2014,200,67.424,99.2,2.62948928,5.678,332.4
2014,300,66.884,99.5,2.5146,5.436,335.7
2014,400,66.65,99.8,2.73856704,6.001,321.3
2014,500,66.758,99.9,3.07429408,6.756,315.4
2014,600,66.992,0,3.34967072,7.37,317.4
2014,700,67.46,0,4.02157184,8.765,324.6
2014,800,68.324,99.7,3.90355328,8.436,328.5
2014,900,70.412,93.6,4.26297344,9.231,326.6
2014,1000,73.706,83.8,4.67246208,10.033,337.6
2014,1100,76.244,77.2,5.20309856,11.193,344.7
2014,1200,76.604,77.6,5.66980832,12.141,341.8
2014,1300,77.864,75.1,5.78782688,12.414,338.2
2014,1400,79.25,70.2,5.2393088,11.196,339.4
2014,1500,79.394,67.81,4.82982016,10.36,344.9
2014,1600,76.37,78.4,4.62820512,9.928,347
2014,1700,76.208,78.4,4.41720224,9.489,354.2
2014,1800,75.146,80.3,3.79402848,8.116,354.7
2014,1900,73.724,85.2,2.62770112,5.658,343.5
2014,2000,71.564,87,2.22894144,4.865,330.3
2014,2100,69.44,89.6,1.9736816,4.343,330.7
2014,2200,67.406,93.4,2.24011744,4.903,332.7
2014,2300,65.984,96.6,2.10689952,4.59,334.7
2014,2400,65.642,97.2,1.83152288,4.001,332.5
2014,100,65.354,97.4,1.91467232,4.207,293.8
2014,200,65.606,97.4,1.84046368,3.929,300
2014,300,63.896,95.5,1.5691104,3.436,302.2
2014,400,61.556,97.3,1.64644832,3.604,300.4
2014,500,59.684,96.2,1.79128928,3.924,300.9
2014,600,58.046,94.9,1.8283936,3.98,296.7
2014,700,58.046,95.2,1.70232832,3.714,309
2014,800,60.116,90.7,1.82660544,3.94,323.6
2014,900,63.32,83.5,2.58344416,5.582,324
2014,1000,66.776,74.4,2.95001696,6.254,322.2
2014,1100,69.584,63.39,3.35458816,7.103,331.3
2014,1200,70.556,61.62,3.4556192,7.17,334.1
2014,1300,71.528,59.97,3.0421072,6.27,342.3
2014,1400,72.536,57.59,2.63843008,5.304,348.9
2014,1500,73.31,55.68,2.59149088,5.069,356.4
2014,1600,73.796,53.12,2.04163168,3.868,358.3
2014,1700,73.562,52.11,1.91646048,3.235,339.9
2014,1800,72.608,53.55,1.1086592,2.038,21.19
2014,1900,70.142,60.89,0.57981088,0.986,10.46
2014,2000,65.426,72.7,0.85429344,1.763,105
2014,2100,62.15,82.1,0.97633536,1.922,158.7
2014,2200,59.954,87,0.84401152,1.548,199.7
2014,2300,58.406,88.9,1.01343968,2.211,232.3
2014,2400,56.768,91.4,0.70006464,1.241,221.3
2014,100,54.896,94.8,0.84311744,1.174,177.5
2014,200,54.104,94.8,1.29462784,2.845,230.9
2014,300,53.222,95.7,1.17482112,2.5,215.3
2014,400,51.872,97.7,0.88916256,1.933,208.1
2014,500,51.566,97.2,0.57757568,1.004,161.3
2014,600,50.936,97.6,0.983488,2.112,161
2014,700,53.474,95.8,1.50116032,3.3,180.3
2014,800,59.18,88.8,1.79128928,3.877,224
2014,900,64.526,79.8,2.2441408,4.838,224.7
2014,1000,68.54,68.5,2.87178496,6.068,214.6
2014,1100,70.934,60.23,2.6017728,5.365,195.9
2014,1200,72.356,56.96,2.40239296,4.639,181.1
2014,1300,73.094,54.48,2.42027456,4.818,168.8
2014,1400,74.552,52.74,2.58031488,5.127,149.9
2014,1500,75.02,53.59,2.68983968,5.562,166.1
2014,1600,75.794,52.87,2.794,5.902,158.4
2014,1700,75.596,50.58,2.4855424,5.224,155.1
2014,1800,75.344,51.21,1.97770496,4.231,148
2014,1900,74.768,53.01,1.6562832,3.588,113.8
2014,2000,70.52,61.83,1.83241696,4.005,100.3
2014,2100,67.442,67.96,1.66835328,3.468,119.4
2014,2200,64.274,81.8,1.7814544,3.9,150
2014,2300,61.646,86.3,1.76223168,3.895,155.3
2014,2400,59.954,88.8,1.83331104,4.03,163.3
2014,100,58.784,92.4,2.02375008,4.462,158.5
2014,200,56.336,97,1.91377824,4.193,153.9
2014,300,56.804,92.6,1.98351648,4.37,166.2
2014,400,56.372,94.7,1.86370976,4.09,173.3
2014,500,55.184,97.8,1.98172832,4.33,156.5
2014,600,54.464,98.1,2.26693984,4.944,168.8
2014,700,54.698,97.6,2.38227616,5.156,169.1
2014,800,60.548,90.3,2.37914688,5.183,162
2014,900,67.19,80.2,3.09217568,6.736,157.5
2014,1000,71.456,70.5,3.49272352,7.587,145
2014,1100,74.048,65.56,3.72518432,8.151,143.6
2014,1200,75.488,61.9,4.08862784,8.882,145.4
2014,1300,76.73,58.71,4.59244192,9.934,140.2
2014,1400,77.486,58.37,4.41809632,9.547,135.9
2014,1500,78.134,57.11,4.02470112,8.763,133.5
2014,1600,78.08,59.54,4.4972224,9.82,141.1
2014,1700,77.81,60.34,5.37655008,11.753,147.5
2014,1800,76.19,65.53,4.2446448,9.307,142.2
2014,1900,73.886,72.4,3.38543392,7.435,142.7
2014,2000,69.836,81.3,2.7425904,5.99,146.2
2014,2100,67.028,82.1,2.7358848,5.958,149.8
2014,2200,65.21,84.3,3.04121312,6.559,139.4
2014,2300,63.788,84.9,2.55840992,5.611,154
2014,2400,61.772,89.9,3.35861152,7.287,166.6
2014,100,60.944,92.9,3.56603808,7.791,167.3
2014,200,60.278,94.7,3.5249104,7.69,140.2
2014,300,59.738,94.7,3.94423392,8.575,152.3
2014,400,58.982,95.9,3.95451584,8.568,164.6
2014,500,58.748,95.8,4.11366208,9.009,134.8
2014,600,58.442,96.6,4.7676816,10.445,144.7
2014,700,59.918,95.2,3.85527296,8.431,146.4
2014,800,62.96,91.1,3.23344032,6.772,144.9
2014,900,66.398,86.3,3.44757248,7.511,133.4
2014,1000,69.152,80.8,3.4846768,7.493,131.1
2014,1100,70.556,77.3,4.84054912,10.42,141.7
2014,1200,74.03,71.1,5.28714208,11.408,140.9
2014,1300,76.1,66.01,5.20399264,11.245,153
2014,1400,75.938,65.83,4.48023488,9.654,168.6
2014,1500,74.84,67.87,4.90089952,10.683,186.1
2014,1600,75.704,68.16,5.32245824,11.596,181.1
2014,1700,76.136,68.52,4.94381536,10.765,182
2014,1800,74.642,72.8,3.69523264,8.062,191.5
2014,1900,72.968,76.3,1.7635728,3.748,172.7
2014,2000,70.772,82.4,1.2315952,2.619,125.2
2014,2100,69.206,86.2,2.22715328,4.861,136.4
2014,2200,68.648,84.9,2.39524032,5.23,134.6
2014,2300,67.118,88.8,1.45198592,3.111,144
2014,2400,66.362,90.4,1.48283168,3.188,175.8
2014,100,66.362,87.9,1.16275104,1.913,136.9
2014,200,66.488,85.5,2.04476096,4.446,159.9
2014,300,66.632,84.8,1.99469248,4.341,152.6
2014,400,66.308,87.9,1.8596864,4.05,167.7
2014,500,66.668,87.2,2.2933152,5.009,160.8
2014,600,67.352,83.8,2.19898976,4.812,162.1
2014,700,66.65,86.1,1.75150272,3.676,157.3
2014,800,66.992,86.9,1.82928768,3.909,154.9
2014,900,67.136,88.7,1.93881248,4.014,154.5
2014,1000,67.352,92.2,2.78461216,5.833,156.1
2014,1100,72.518,83.9,2.42250976,4.726,192.5
2014,1200,73.256,82.5,2.57048,5.316,209.3
2014,1300,74.102,81.6,2.637536,5.237,188.8
2014,1400,73.922,83.1,2.43815616,4.798,172.5
2014,1500,73.148,83.6,2.43726208,4.572,161.4
2014,1600,75.398,81.2,2.56466848,5.172,155.6
2014,1700,73.544,83.3,2.89413696,6.124,147.7
2014,1800,72.5,85,2.43726208,5.302,142.9
2014,1900,70.934,89.5,2.43323872,5.316,142.8
2014,2000,69.926,93.4,2.09706464,4.574,141.5
2014,2100,69.116,95.4,2.06174848,4.484,153.2
2014,2200,68.774,96.2,0.8359648,0.544,110.9
2014,2300,68.234,97.9,1.93255392,2.948,135.7
2014,2400,67.496,98.9,1.9468592,4.2,173.4
2014,100,67.01,99.5,2.21016576,4.789,184.3
2014,200,67.46,99.7,1.9848576,4.211,179
2014,300,67.406,99.8,2.01793856,4.451,178
2014,400,67.244,99.9,2.11092288,4.646,176.6
2014,500,67.154,99.9,1.61336736,3.537,172.7
2014,600,67.01,0,1.57402784,3.447,179.7
2014,700,67.244,0,1.80648864,3.911,185.4
2014,800,69.134,97.3,1.83554624,3.615,213.3
2014,900,72.59,86.5,1.84135776,3.526,278.4
2014,1000,74.696,81.3,1.88337952,3.772,314.6
2014,1100,76.46,78.8,1.88069728,3.544,320.5
2014,1200,77.792,76.3,1.98351648,3.812,321
2014,1300,79.754,73,2.10377024,3.893,306.8
2014,1400,81.104,71.2,1.99782176,3.712,251.5
2014,1500,81.842,70.9,1.97457568,3.886,264.2
2014,1600,81.986,71.4,2.75466048,5.268,321.7
2014,1700,81.302,73.9,1.9356832,3.994,18.76
2014,1800,79.484,77,1.19270272,2.426,356.1
2014,1900,78.296,81.4,1.21281952,2.433,307.7
2014,2000,75.38,87.6,1.85834528,3.833,288.6
2014,2100,73.616,90.4,2.22894144,4.679,253.5
2014,2200,73.22,91,1.83465216,3.786,223.3
2014,2300,73.472,88.2,3.07518816,6.429,184.8
2014,2400,71.51,92.5,3.19544192,1.884,209.4
2014,100,70.25,94.3,1.53021792,2.961,258.3
2014,200,68.666,96.9,1.93255392,3.862,225
2014,300,67.964,97.7,2.19317824,4.841,235.9
2014,400,66.92,98.8,1.9245072,4.108,240.1
2014,500,66.002,99.6,2.0519136,4.471,253.9
2014,600,65.822,99.8,1.95445888,4.26,256.3
2014,700,66.974,99.9,3.09530496,6.751,270.2
2014,800,70.268,95.7,2.983992,6.431,267.5
2014,900,74.318,86.9,3.1873952,6.937,260.3
2014,1000,77.45,82.3,3.341624,7.137,287.8
2014,1100,79.754,76.3,3.08815232,6.599,281.4
2014,1200,81.374,69.29,2.9638752,6.324,283
2014,1300,82.328,62.58,2.43234464,4.944,277
2014,1400,82.652,62.75,1.97457568,3.741,275.4
2014,1500,83.57,62.94,2.08499456,4.323,240.9
2014,1600,83.174,65.83,2.53650496,5.394,239.9
2014,1700,82.85,66.86,3.04925984,6.698,240.5
2014,1800,81.356,69.41,3.01617888,6.642,254.5
2014,1900,77.684,81.3,2.88877248,6.402,250
2014,2000,74.57,90,2.65944096,5.425,271
2014,2100,73.076,92.9,2.20882464,4.803,296.5
2014,2200,71.438,95,1.31697984,2.816,292
2014,2300,71.438,92.5,2.03671424,4.379,318.6
2014,2400,71.006,88,1.78547776,3.721,261.7
2014,100,70.088,79.1,1.83152288,3.761,252.2
2014,200,68.036,81.8,1.4461744,2.916,282.8
2014,300,66.65,79.1,2.26604576,4.993,295
2014,400,64.238,84.2,1.9937984,4.325,298.7
2014,500,62.672,87.1,1.41309344,2.728,301.4
2014,600,61.592,92.4,1.53290016,2.975,276.7
2014,700,63.14,95.7,1.33799072,2.713,308.1
2014,800,67.514,92.7,1.30580384,2.625,303.1
2014,900,72.176,88.2,1.80559456,3.709,315.4
2014,1000,76.658,76.8,1.8082768,3.739,336.6
2014,1100,79.592,64.56,1.35989568,1.794,314.9
2014,1200,81.122,58.49,1.78860704,2.869,271.1
2014,1300,82.418,58.92,1.78637184,3.091,263.6
2014,1400,83.768,55.11,1.6674592,2.632,223.9
2014,1500,84.38,56.07,1.09167168,0.737,316.8
2014,1600,84.416,58.49,1.37375392,2.558,198.1
2014,1700,83.624,60.43,1.47880832,2.993,178.2
2014,1800,82.076,65.34,1.43589248,3.026,148.5
2014,1900,78.944,71.4,1.59906208,3.494,139.1
2014,2000,75.56,76.2,1.35587232,2.737,107.7
2014,2100,72.878,80.9,1.56508704,3.008,103.6
2014,2200,70.214,82.8,1.665224,3.369,85.2
2014,2300,69.152,80.8,1.55033472,3.118,126.3
2014,2400,66.398,86.6,1.51814784,3.167,131.3
2014,100,64.418,89.5,1.93881248,4.213,131.9
2014,200,63.5,89.7,2.49627136,4.888,169.1
2014,300,62.78,90.7,3.0130496,6.169,94.1
2014,400,61.628,93.2,4.90358176,6.953,137.8125
2014,500,60.44,95,2.88296096,5.23,90.9
2014,600,60.044,95.1,2.32729024,4.462,131.9
2014,700,61.772,93.3,3.72205504,8.033,141.1
2014,800,66.074,87.4,2.55662176,3.474,100.6
2014,900,70.7,79.6,2.84988,4.964,112.4
2014,1000,75.128,71.1,4.6894496,8.956,164.5
2014,1100,77.882,65.13,3.78106432,7.435,127.1
2014,1200,79.394,62.05,4.85574848,10.508,151.9
2014,1300,80.258,58.8,4.30007776,9.305,147.5
2014,1400,81.752,55.52,4.33673504,9.482,145.7
2014,1500,83.516,51.94,3.87941312,8.46,142.2
2014,1600,83.138,53.88,4.56025504,9.892,131.6
2014,1700,82.31,57.56,4.5173392,9.854,124.8
2014,1800,80.6,65.51,3.87851904,8.447,125
2014,1900,76.514,76.9,2.95895776,6.436,128.4
2014,2000,73.958,80.6,3.29066144,7.17,131
2014,2100,72.266,80.8,3.25847456,7.09,126.9
2014,2200,70.232,84.4,4.14584896,9.061,143.7
2014,2300,69.584,87.5,4.14584896,9.074,146
2014,2400,68.576,89.5,3.92858752,8.59,155
2014,100,68.648,88.8,3.5830256,7.86,159
2014,200,68.648,89.2,3.66706912,7.99,169.3
2014,300,68.702,93.2,3.69389152,8.021,185.4
2014,400,68.882,93.8,2.61876032,5.6,180.9
2014,500,67.928,98.1,2.76583648,5.506,234.1
2014,600,67.622,98.5,4.60942944,10.109,254.6
2014,700,66.884,92.4,4.21961056,9.159,234.5
2014,800,67.442,91,2.7537664,5.781,236.7
2014,900,69.134,91.6,3.80833376,8.29,218.5
2014,1000,69.332,93.6,3.96837408,8.595,227.6
2014,1100,68.954,96.9,4.06672288,8.823,242.1
2014,1200,70.556,95.8,3.45472512,7.428,254.9
2014,1300,70.682,96.1,3.88611872,8.402,255.3
2014,1400,73.202,92.8,3.833368,8.324,257.6
2014,1500,75.02,88.8,3.07205888,6.612,256.4
2014,1600,77.234,84.8,2.3111968,4.704,249.2
2014,1700,77.81,86.2,1.72915072,3.557,240.4
2014,1800,80.024,84.8,1.743456,3.797,231.6
2014,1900,79.034,88.7,1.6004032,3.181,281.9
2014,2000,78.602,89,1.46807936,3.214,352
2014,2100,77.342,92.4,1.21773696,2.659,11.21
2014,2200,77,90.7,1.88337952,3.996,2.172
2014,2300,75.884,92.5,1.48014944,3.196,17.45
2014,2400,74.624,94.8,1.51412448,3.279,14.32
2014,100,73.706,95.9,2.03090272,4.393,10.81
2014,200,72.95,96.4,1.60308544,3.447,9.04
2014,300,73.652,92.2,1.0304272,1.81,345
2014,400,72.662,91.7,1.58833312,3.429,355.4
2014,500,73.004,86.8,1.86147456,4.039,8.13
2014,600,73.112,76.6,1.86058048,3.996,25.59
2014,700,72.698,75.4,1.6741648,3.55,17.73
2014,800,73.958,75.9,1.87667392,3.853,18.27
2014,900,76.514,76.6,2.5213056,5.347,44.07
2014,1000,79.052,74.7,2.8409392,6.028,41.39
2014,1100,80.942,74.3,2.94197024,6.252,29.19
2014,1200,82.508,72.2,2.94509952,6.126,37.34
2014,1300,83.264,71.1,3.3237424,7.04,59.28
2014,1400,84.11,68.18,2.8297632,5.864,59.92
2014,1500,84.974,68.06,2.56869184,5.423,57.32
2014,1600,85.73,66.5,2.3380192,4.76,36.85
2014,1700,86.288,68.81,2.38138208,5.08,28.05
2014,1800,85.532,72.7,3.02735488,6.543,39.12
2014,1900,82.868,80.2,3.53474528,7.726,53.93
2014,2000,80.348,84.3,3.49495872,7.654,57.29
2014,2100,78.98,87.5,2.3223728,3.017,34.8
2014,2200,76.766,88.6,1.27272288,2.486,45.93
2014,2300,75.218,90.4,1.86147456,3.949,53.76
2014,2400,73.742,92.5,1.77743104,3.194,66.17
2014,100,73.454,91.4,2.93302944,5.636,198.2
2014,200,72.77,91.8,1.79754784,3.219,171.4
2014,300,71.78,93.4,1.66343584,3.288,121.4
2014,400,70.358,95.2,2.96119296,6.427,65.59
2014,500,70.052,94.8,2.57048,4.507,76.3
2014,600,69.296,95.8,2.69654528,5.793,129.1
2014,700,70.916,92.4,2.224024,4.776,75.5
2014,800,74.318,86.9,2.89190176,6.317,82.1
2014,900,77.198,85,2.92006528,6.31,84.1
2014,1000,79.556,81.3,3.30541376,7.103,106.5
2014,1100,80.834,78.8,4.392168,9.442,118.3
2014,1200,82.184,75.3,5.48562784,11.868,133.4
2014,1300,82.796,72.6,4.99388384,10.804,139.2
2014,1400,83.588,70.6,5.14096,11.003,135.8
2014,1500,84.434,68.02,5.22723872,11.357,144.9
2014,1600,85.298,67.77,5.20220448,11.231,147.4
2014,1700,84.272,69.56,4.90089952,10.64,146.3
2014,1800,81.59,77.3,4.24285664,9.258,144.2
2014,1900,79.25,84.5,3.13509152,6.81,133.2
2014,2000,77.468,89.1,3.3595056,7.345,118.1
2014,2100,75.596,91.5,4.33584096,9.46,129.9
2014,2200,74.408,94.7,4.51331584,9.827,136.2
2014,2300,73.94,97.4,4.10472128,8.996,154.7
2014,2400,73.328,97.6,2.91783008,6.373,155.1
2014,100,71.168,96.4,3.2544512,6.597,213.2
2014,200,67.82,98.7,3.73904256,7.293,230.1
2014,300,67.568,99.4,3.66617504,4.599,281.8
2014,400,67.19,99.5,1.75731424,2.988,136.4
2014,500,66.992,99,1.46092672,2.939,136.9
2014,600,67.226,99.5,1.28881632,2.3,164.1
2014,700,67.406,99.6,1.72155104,3.295,209.9
2014,800,67.946,98.7,2.279904,4.897,252.5
2014,900,69.35,95.7,2.56243328,5.461,297.1
2014,1000,72.248,89.7,3.3326832,7.076,304.8
2014,1100,74.426,86.1,2.62948928,5.098,310.9
2014,1200,75.578,84.6,2.33712512,4.832,327.9
2014,1300,77.234,83.1,1.79844192,3.674,317.6
2014,1400,78.674,81.8,2.09080608,4.265,275.8
2014,1500,80.096,80.7,2.13103968,4.119,274.9
2014,1600,81.77,79.2,1.240536,1.794,269.9
2014,1700,82.85,77.9,1.3388848,2.518,236.6
2014,1800,82.778,79.9,1.5020544,3.111,211.4
2014,1900,81.176,83.3,0.8873744,1.906,168.2
2014,2000,78.926,88.4,1.04249728,1.322,87.3
2014,2100,78.26,87.1,1.1555984,2.276,97.3
2014,2200,77.144,89.8,1.50116032,3.055,135.2
2014,2300,75.776,93.2,1.6831056,3.68,173.6
2014,2400,74.138,95.9,1.76759616,3.517,207.1
2014,100,74.066,94.5,1.70411648,3.649,206.8
2014,200,73.364,87.3,1.50697184,3.188,207.8
2014,300,68.522,89.8,1.59235648,3.326,177.9
2014,400,67.118,95.2,2.62546592,5.51,340.1
2014,500,67.568,96.1,3.65097568,7.867,329.9
2014,600,67.28,96.4,3.10335168,6.671,347.3
2014,700,67.892,96.3,2.36841792,5.103,352.1
2014,800,70.376,92.7,3.69210336,7.972,334.2
2014,900,72.5,82.7,4.19681152,8.938,333.2
2014,1000,72.914,71.8,3.58794304,7.497,319.8
2014,1100,71.906,73.6,3.24238112,6.722,351.4
2014,1200,73.814,68.42,4.14763712,8.79,8.59
2014,1300,73.94,68.53,2.79489408,5.992,1.527
2014,1400,76.28,66.18,2.40015776,4.946,8.78
2014,1500,78.692,61.49,1.59012128,3.125,1.37
2014,1600,80.402,57.56,1.50920704,2.838,350.5
2014,1700,80.132,60.57,1.84761632,3.689,330.9
2014,1800,78.836,65.83,1.51591264,3.241,353.1
2014,1900,77.648,72.2,1.35363712,2.934,349.8
2014,2000,74.03,78.7,1.04026208,2.197,12.61
2014,2100,71.906,80.3,0.65580768,1.142,334.4
2014,2200,69.188,83.9,1.15068096,2.11,8.65
2014,2300,65.93,91.3,1.38403584,3.017,4.193
2014,2400,65.21,93.1,2.25129344,4.881,3.645
2014,100,63.896,94.1,2.2731984,4.926,356.9
2014,200,63.662,92.7,1.18152672,2.518,338.5
2014,300,62.078,95.3,0.87128096,1.716,275.6
2014,400,61.484,96.6,1.14576352,1.185,57.43
2014,500,61.376,92.9,1.51725376,3.156,19.62
2014,600,58.082,89.5,2.26604576,4.825,12.65
2014,700,57.02,89.5,2.8208224,5.786,12.96
2014,800,59.882,81.2,4.27683168,9.045,54.07
2014,900,62.69,71.3,1.53513536,1.613,319
2014,1000,62.582,69.24,1.61023808,3.145,47.55
2014,1100,62.276,71.1,2.25218752,4.747,72
2014,1200,66.038,67.01,1.65136576,3.331,66.18
2014,1300,64.868,71.6,1.78726592,3.647,72.9
2014,1400,67.28,69.02,2.37735872,4.807,92.1
2014,1500,68.216,70.5,2.31924352,4.885,81.9
2014,1600,69.89,68.89,2.64960608,5.674,78
2014,1700,71.726,64.04,2.9079952,6.308,76.4
2014,1800,71.456,66.38,2.52532896,5.488,74.8
2014,1900,70.052,70.7,1.85342784,4.063,80
2014,2000,67.856,77.7,2.01570336,4.442,89.7
2014,2100,67.622,79.1,2.41446304,5.284,75.1
2014,2200,66.236,89.2,2.10198208,4.592,77.3
2014,2300,63.968,89.9,1.28166368,2.666,72.4
2014,2400,63.05,87.5,1.2919456,2.607,107.6
2014,100,62.564,86.1,1.37867136,2.477,78.3
2014,200,61.682,89.4,1.55212288,3.138,64.01
2014,300,61.466,94.3,2.12612224,4.637,47.89
2014,400,60.818,96.6,2.6688288,5.84,45.71
2014,500,59.45,97.5,3.0421072,6.642,56.98
2014,600,58.442,95.6,2.48017792,5.163,98.3
2014,700,58.334,96,2.09393536,3.882,116.4
2014,800,59,92.7,1.96161152,3.669,78.3
2014,900,60.512,89.7,1.35095488,2.047,192.8
2014,1000,62.132,86.5,2.1949664,4.668,104.9
2014,1100,64.994,83.5,3.05730656,6.449,75.4
2014,1200,65.858,81.4,4.73728288,10.364,65.71
2014,1300,66.992,80.8,2.77567136,5.855,101.7
2014,1400,69.242,77.1,2.55349248,5.488,114.9
2014,1500,69.044,77.9,2.35634784,5.096,117.8
2014,1600,68.792,80.6,2.0988528,4.54,117.3
2014,1700,68.612,82.1,2.00989184,4.305,112.8
2014,1800,68.63,82.7,2.1972016,4.735,88
2014,1900,67.028,88.6,2.93079424,6.395,78.6
2014,2000,64.472,92.8,3.15431424,6.881,96.1
2014,2100,62.726,95,3.10603392,6.76,101.6
2014,2200,62.096,96.4,3.00500288,6.543,114.1
2014,2300,61.808,96.8,2.92900608,6.391,119.8
2014,2400,61.88,95.9,3.0823408,6.722,121.6
2014,100,62.078,96.3,3.4958528,7.645,128.4
2014,200,62.582,97.1,3.53563936,7.685,137.2
2014,300,62.312,97,3.14135008,6.875,134
2014,400,61.736,97.1,3.1113984,6.816,133.9
2014,500,61.412,96.2,3.71087904,8.095,130.8
2014,600,62.096,93.1,3.90534144,8.407,131.4
2014,700,62.294,93.6,3.50881696,7.594,124
2014,800,62.096,96.7,3.51462848,7.634,128.3
2014,900,62.006,98.9,4.09354528,8.844,140.3
2014,1000,62.744,99.8,3.62594144,7.889,152.3
2014,1100,64.598,99.8,3.84633216,8.331,157.9
2014,1200,63.464,99.8,3.4667952,7.529,154.8
2014,1300,63.896,99.9,4.32198272,9.168,176.1
2014,1400,64.994,99.9,4.62328768,10.035,189.6
2014,1500,65.894,99.9,4.21469312,9.168,192.5
2014,1600,67.208,99.8,3.90847072,8.481,194.3
2014,1700,68.252,99.1,3.77122944,8.236,169.5
2014,1800,68.702,98,2.99606208,6.48,152.4
2014,1900,67.892,98.8,2.04699616,4.491,145.8
2014,2000,67.694,98.9,2.08678272,4.563,149.4
2014,2100,67.73,98.4,1.69517568,3.694,153.7
2014,2200,67.55,98.2,2.3380192,5.1,148.6
2014,2300,67.424,98.5,3.28753216,7.168,158.5
2014,2400,67.19,98.7,2.73275552,5.887,170
2014,100,67.478,98.5,2.06577184,2.699,229.4
2014,200,67.766,99,3.00008544,6.509,165.4
2014,300,67.568,99.5,2.87804352,6.028,179.5
2014,400,67.37,99.6,2.04386688,4.355,212.9
2014,500,66.92,99.5,1.75552608,3.79,240
2014,600,66.524,99.7,1.85566304,3.954,276.7
2014,700,66.146,99.8,1.30580384,1.299,148.5
2014,800,66.614,99.8,0.637032,0.524,222.5
2014,900,68.306,99,1.49803104,2.636,319.6
2014,1000,69.98,96.5,1.41398752,1.982,95.6
2014,1100,72.194,92.6,1.4349984,1.449,193.8
2014,1200,72.122,94.3,2.637536,5.663,186.8
2014,1300,75.254,88.5,1.9826224,3.891,233
2014,1400,77.072,84.6,3.11720992,6.709,274.9
2014,1500,77.432,83.6,2.51638816,5.36,261.1
2014,1600,78.278,81.9,1.6071088,3.172,266.7
2014,1700,76.694,85.4,1.32189728,2.368,287.7
2014,1800,76.622,87.2,1.03757984,0.732,280.7
2014,1900,74.606,92.5,1.66120064,1.953,0.067
2014,2000,72.986,96.3,1.56598112,2.5,302.6
2014,2100,72.014,97.8,2.43547392,5.289,289.7
2014,2200,71.582,96.7,2.492248,5.407,283.5
2014,2300,70.7,96.7,2.2821392,4.677,322.5
2014,2400,69.98,96.8,2.49135392,5.45,301.1
2014,100,70.124,95.9,2.98890944,6.53,307.8
2014,200,69.368,96,3.50568768,7.634,314.9
2014,300,68.612,97.1,3.79000512,8.304,318.9
2014,400,68.072,97.7,3.64203488,7.907,322.5
2014,500,67.676,97.8,4.04258272,8.772,323
2014,600,67.712,98.1,4.39306208,9.533,317.5
2014,700,67.37,99.1,3.72116096,8.077,310.6
2014,800,68.054,99.3,3.41851488,7.396,309
2014,900,67.964,97.9,3.37872832,7.224,321.3
2014,1000,67.604,98.8,3.19454784,6.756,317.2
2014,1100,67.028,99.6,3.28529696,6.879,321.2
2014,1200,67.424,99.4,2.4654256,4.962,329.3
2014,1300,68.162,96.6,2.06577184,4.034,326.1
2014,1400,69.656,89.4,1.76044352,2.439,350.7
2014,1500,69.278,90.3,1.3500608,1.158,320.6
2014,1600,71.51,84.7,1.397,1.707,138.6
2014,1700,72.878,81.3,1.62633152,3.024,150.2
2014,1800,72.554,84.5,2.59551424,5.64,134.3
2014,1900,69.116,92.8,2.11181696,4.583,114.6
2014,2000,66.254,97.8,2.19898976,4.794,121.9
2014,2100,65.192,97.8,2.6196544,5.719,127.1
2014,2200,63.5,97.8,2.77298912,6.07,141.4
2014,2300,63.608,95.7,2.84496256,6.223,153.4
2014,2400,63.338,97.3,3.3393888,7.32,155.4
2015,100,68.144,80.8,1.83554624,3.96,3.345
2015,200,66.272,81.5,1.44796256,2.854,14.98
2015,300,65.588,81.3,1.70232832,3.577,20.03
2015,400,64.904,82.3,1.96161152,4.09,41.59
2015,500,64.598,82.1,1.50294848,3.067,52.08
2015,600,64.454,80.3,0.85429344,0.93,48.54
2015,700,65.444,81.8,0.95711264,1.985,225.6
2015,800,67.784,79.5,1.86058048,4.01,177
2015,900,70.124,76.5,3.31658976,7.246,161.5
2015,1000,73.382,68.01,3.39571584,7.394,162.3
2015,1100,76.406,59.37,2.53561088,5.354,166.2
2015,1200,79.394,52.6,2.18200224,4.532,133.8
2015,1300,81.176,50.65,2.89503104,6.048,151.6
2015,1400,81.374,56.15,3.140456,6.586,159.4
2015,1500,81.446,58.45,3.53787456,7.482,172.9
2015,1600,81.752,61.23,3.44578432,7.372,189.9
2015,1700,81.5,60.15,3.73993664,8.225,193.9
2015,1800,80.942,64.9,3.29736704,7.188,195.7
2015,1900,79.214,69.79,2.56466848,5.647,192.3
2015,2000,75.398,82.5,2.47526048,5.443,174.5
2015,2100,71.852,91.8,2.36528864,5.206,167.6
2015,2200,70.97,92.5,2.76762464,6.124,184.4
2015,2300,70.538,92.3,2.53561088,5.546,187.1
2015,2400,70.358,93.2,2.59372608,4.966,205
2015,100,67.892,95,4.67737952,9.115,286.5
2015,200,66.866,98.3,2.48956576,4.023,209.9
2015,300,66.668,99.4,2.15205056,3.703,179.6
2015,400,66.452,99.7,1.47612608,3.073,180.9
2015,500,66.614,96.8,3.74306592,6.335,350.1
2015,600,65.444,94.4,3.0734,4.762,101.9
2015,700,65.102,97,2.21195392,4.442,145.6
2015,800,66.326,94.5,1.7233392,3.36,213.1
2015,900,69.818,85.4,2.0027392,4.164,316.7
2015,1000,72.752,77.3,3.274568,7.018,297.4
2015,1100,74.696,75.5,4.65323936,10.084,308.7
2015,1200,76.334,74.2,5.1700176,11.039,325
2015,1300,77.378,66.75,5.36939744,11.659,328.2
2015,1400,77.792,58.52,5.4293008,11.735,335.2
2015,1500,78.17,55.86,4.96482624,10.703,335.7
2015,1600,77.9,52.71,4.71046048,10.134,342.5
2015,1700,77.486,53.94,4.1217088,8.893,350.1
2015,1800,76.586,54.84,3.58570784,7.755,353
2015,1900,74.642,62.65,2.36126528,5.145,351.2
2015,2000,70.34,72.8,1.97949312,4.334,347
2015,2100,66.47,80.5,2.08499456,4.596,331.7
2015,2200,65.066,85.1,1.87935616,4.169,323.1
2015,2300,62.942,87.6,1.88337952,4.135,323.6
2015,2400,62.204,88.5,1.73540928,3.656,319.5
2015,100,60.71,91.8,1.69025824,3.653,310.7
2015,200,59.18,93.3,1.60621472,3.185,309.1
2015,300,58.226,94.7,1.81766464,4.048,319.1
2015,400,57.866,93.9,1.8574512,4.052,335.5
2015,500,57.11,94.5,1.41398752,3.082,339.6
2015,600,56.516,96,1.40012928,2.865,336.8
2015,700,60.764,90.3,0.96739456,2.023,35.64
2015,800,65.264,83.2,1.98575168,4.007,121
2015,900,67.982,76.9,2.715768,5.757,153.2
2015,1000,70.556,66.66,2.71263872,5.714,150.9
2015,1100,72.266,61.16,2.46050816,4.937,123.7
2015,1200,73.238,58.6,1.944624,2.829,188
2015,1300,75.002,54.18,1.67818816,2.052,142.4
2015,1400,75.956,51.78,1.61515552,1.082,139.6
2015,1500,77.126,50.28,1.67818816,2.632,199.5
2015,1600,78.278,48.82,1.33396736,1.953,219.3
2015,1700,77.63,52.43,1.70232832,2.952,185.3
2015,1800,75.83,60.02,1.64421312,3.494,152.4
2015,1900,73.238,70.3,1.61739072,3.499,141.6
2015,2000,70.556,77.4,1.41577568,3.109,104
2015,2100,68.27,79.1,2.30404416,5.056,108.2
2015,2200,66.29,81,2.32326688,4.932,145
2015,2300,64.166,86.6,2.03090272,4.469,152.5
2015,2400,62.42,91.3,2.03582016,4.46,164
2015,100,61.556,93.1,1.95445888,4.247,161.2
2015,200,61.034,93.7,1.9356832,4.216,153.2
2015,300,61.61,92.5,2.13103968,4.561,159.7
2015,400,60.602,94.7,2.03090272,4.366,157.9
2015,500,60.692,92.5,2.28124512,5.018,146.8
2015,600,59.954,95.2,2.31834944,5.049,172.5
2015,700,61.358,93.8,2.3000208,5.022,161.3
2015,800,63.698,91.4,2.64558272,5.77,164.8
2015,900,66.326,87.7,2.77567136,6.102,171.1
2015,1000,69.008,82,3.09217568,6.751,166.3
2015,1100,70.52,78.5,3.66081056,8.01,163.7
2015,1200,73.634,72,4.02157184,8.501,176.7
2015,1300,74.858,67.19,4.392168,9.466,181.5
2015,1400,75.362,66.3,4.168648,8.942,167.3
2015,1500,75.2,65.54,3.85214368,8.389,149.6
2015,1600,75.956,63.12,3.8400736,8.331,147.7
2015,1700,75.722,65.15,4.19368224,9.13,144
2015,1800,74.57,68.88,4.02336,8.669,150.7
2015,1900,73.076,70.8,3.35861152,7.385,140.9
2015,2000,69.548,79.1,2.79265888,6.169,124
2015,2100,66.578,82.6,2.80472896,6.205,115.6
2015,2200,66.218,85.4,3.30273152,7.269,119
2015,2300,65.138,89.9,3.39169248,7.482,132.9
2015,2400,64.868,90.6,3.72697248,8.236,140.7
2015,100,63.59,94,3.32463648,7.363,143.3
2015,200,62.726,95.8,2.99919136,6.61,148.2
2015,300,62.078,96.8,2.72292064,6.01,150.3
2015,400,61.34,98.1,2.5213056,5.56,153.4
2015,500,60.602,99.4,2.57673856,5.681,159.2
2015,600,60.926,99.5,2.8118816,6.169,159.4
2015,700,62.24,98.4,3.10826912,6.843,163.1
2015,800,66.164,93.7,3.7260784,8.086,166.7
2015,900,71.33,86.2,5.2482496,11.534,170.6
2015,1000,75.02,81.2,5.53837856,12.121,165.5
2015,1100,77.936,77.1,5.42751264,11.838,164.4
2015,1200,79.592,76.6,6.124448,13.38,169
2015,1300,80.366,76.6,6.20268,13.579,162.5
2015,1400,81.968,75,6.269736,13.698,161.4
2015,1500,82.562,74.2,6.34975616,13.857,161.7
2015,1600,82.706,74.1,6.3054992,13.834,162.4
2015,1700,83.462,73.6,6.2317376,13.682,164.9
2015,1800,82.814,75.2,6.20670336,13.644,165.6
2015,1900,81.302,78.9,5.41052512,11.928,165.2
2015,2000,79.088,82.8,4.72834208,10.409,162.4
2015,2100,76.298,88.8,4.18965888,9.238,157.7
2015,2200,74.408,92.5,3.9764208,8.756,158.9
2015,2300,73.4,94.1,4.325112,9.54,160.5
2015,2400,73.112,94.1,4.79271584,10.541,167.4
2015,100,73.076,93.2,4.56338432,10.062,169
2015,200,72.518,94.6,4.1865296,9.24,167.9
2015,300,72.014,96.1,4.18563552,9.224,171.8
2015,400,71.402,97.5,4.74264736,10.501,177.6
2015,500,70.718,98.5,3.56603808,7.905,178.4
2015,600,69.944,99.4,2.25218752,4.691,203.4
2015,700,72.158,98.7,2.58746752,4.829,215.7
2015,800,75.578,93.8,4.56114912,9.825,209.7
2015,900,79.106,83.8,4.54505568,9.632,245.5
2015,1000,81.392,73.6,4.25090336,9.213,277.6
2015,1100,83.246,69.42,3.55575616,7.681,290
2015,1200,85.19,68.32,3.65321088,7.883,317.9
2015,1300,86.756,63.9,3.10826912,6.651,334.7
2015,1400,87.512,60.58,3.23522848,6.892,331
2015,1500,88.034,58.25,3.0532832,6.559,337.9
2015,1600,87.458,60.02,2.5995376,5.253,324.1
2015,1700,83.93,68.6,2.53650496,4.334,305.6
2015,1800,86.198,65.62,1.62230816,3.378,313.8
2015,1900,84.452,68.26,1.68131744,3.62,358.9
2015,2000,79.106,78.9,2.16188544,4.702,17.06
2015,2100,75.56,83.3,1.85834528,4.036,7.89
2015,2200,75.002,83.3,1.7613376,3.846,11.23
2015,2300,73.544,86,1.43902176,2.07,75.4
2015,2400,72.248,89.7,1.25081792,2.5,4.748
2015,100,71.564,90.1,1.32681472,2.46,318.1
2015,200,70.448,92.2,1.81230016,3.969,300
2015,300,69.818,94.7,1.73317408,1.96,263.7
2015,400,69.332,95.5,1.7523968,3.752,26.52
2015,500,69.728,90.8,3.21242944,6.908,61.07
2015,600,70.232,86.9,3.42164416,7.439,74
2015,700,71.222,85.9,1.62230816,2.551,139.8
2015,800,74.228,80.2,3.45159584,7.401,81.7
2015,900,76.442,74.7,4.436872,9.61,115.9
2015,1000,78.728,71.9,4.9107344,10.591,147.6
2015,1100,80.258,77.9,5.19818112,11.229,151.7
2015,1200,79.16,80.4,5.97737184,13.055,161
2015,1300,79.52,75.5,5.12799584,11.043,167.9
2015,1400,79.988,68.61,4.0613584,8.68,197.7
2015,1500,80.06,67.06,2.1167344,4.119,197.7
2015,1600,80.132,71.7,4.70241376,10.078,161.1
2015,1700,81.788,69.13,4.72029536,10.313,128.2
2015,1800,80.474,74.5,4.12573216,8.81,116.6
2015,1900,79.538,78,3.65321088,7.954,141.8
2015,2000,76.406,81.8,2.60043168,5.721,159.4
2015,2100,73.184,90.1,2.70280384,5.954,153.7
2015,2200,71.798,92.9,3.00902624,6.624,159.3
2015,2300,71.672,94.7,3.11720992,6.78,161.6
2015,2400,71.258,95.7,1.98172832,1.747,185.3
2015,100,66.866,96.8,4.69034368,7.876,18.89
2015,200,64.76,99.3,3.77838208,7.995,84.7
2015,300,64.49,99.3,3.2142176,6.803,137.6
2015,400,64.04,99.7,2.5436576,5.519,147.8
2015,500,64.004,99.9,1.86773312,4.045,158.5
2015,600,64.976   1,0,2.94286432,6.444,170.3
2015,700,66.524   1,0,3.70998496,8.136,191.4
2015,800,68.684,99.2,2.65050016,5.795,212.6
2015,900,72.266,91.5,2.73856704,5.947,209.5
2015,1000,75.74,86,2.27632768,4.735,213.7
2015,1100,79.322,79.6,1.73138592,2.793,210.3
2015,1200,81.41,73.8,1.36481312,2.318,306.8
2015,1300,82.652,71.5,1.37598912,1.767,65.28
2015,1400,83.84,68.35,1.45198592,1.906,69.35
2015,1500,84.416,72,2.26023424,4.337,76
2015,1600,84.074,74.1,2.1972016,4.372,79.5
2015,1700,84.128,75.2,2.55528064,5.43,88.5
2015,1800,83.012,78.6,2.87983168,6.272,81.2
2015,1900,80.69,84,3.00902624,6.592,79.7
2015,2000,77.63,90.4,2.39926368,5.266,88
2015,2100,76.244,92.8,2.46721376,5.378,99
2015,2200,75.974,93.8,2.09572352,4.361,95.5
2015,2300,75.74,94.6,2.36126528,5.148,124.6
2015,2400,75.434,95.9,2.44217952,5.116,108.7
2015,100,75.506,96.4,2.65452352,5.522,112.3
2015,200,75.128,97.4,3.05417728,6.612,98.5
2015,300,75.308,97.6,2.68045184,5.824,88.5
2015,400,74.174,92.3,3.3997392,5.062,5.278
2015,500,70.34,85.7,3.2276288,5.907,20.97
2015,600,69.512,85.9,1.87265056,2.943,107.8
2015,700,69.89,91.6,2.07694784,3.58,197.9
2015,800,72.284,90.1,2.64960608,2.137,131.1
2015,900,75.11,89.4,4.1306496,9.023,105.1
2015,1000,75.416,87,4.3429936,9.5,99.3
2015,1100,75.794,85.3,4.66754464,10.022,115.2
2015,1200,79.988,83.9,5.11279648,11.066,141.9
2015,1300,80.42,82.8,6.2183264,13.561,136.8
2015,1400,80.636,79.9,6.75209216,14.811,134.5
2015,1500,81.5,81.7,5.66265568,12.356,140.9
2015,1600,83.678,79.1,5.43421824,11.881,147.6
2015,1700,84.254,71.6,5.72166496,12.405,159.1
2015,1800,82.868,73.3,6.16646976,13.494,146.8
2015,1900,81.14,75.6,5.74804032,12.654,141.8
2015,2000,78.512,87.4,6.51605504,14.347,135.8
2015,2100,75.542,90.5,6.97471808,15.382,135.3
2015,2200,73.922,88.4,6.36272032,14.011,141.9
2015,2300,72.68,90.9,6.14054144,13.521,146.2
2015,2400,71.672,94.5,5.54150784,12.212,145.9
2015,100,71.384,96.6,4.81953824,10.515,159.7
2015,200,72.392,96,5.40426656,11.868,161.1
2015,300,72.95,95.4,4.83339648,10.636,165
2015,400,71.762,95.3,5.621528,4.932,298.9
2015,500,68.09,97.2,4.14271968,7.199,341.3
2015,600,68.018,97.8,3.90221216,8.371,113.3
2015,700,68.324,97.6,5.74267584,11.894,101.8
2015,800,69.242,96.4,3.94155168,8.38,105.8
2015,900,72.5,90.7,4.53119744,9.744,165.2
2015,1000,74.228,88.7,5.11681984,11.171,192.7
2015,1100,74.21,90,3.7260784,8.129,217.1
2015,1200,71.69,92.5,4.71448384,9.972,310.4
2015,1300,72.518,86.5,5.05781056,11.079,316.5
2015,1400,74.498,75,4.5352208,9.84,324.5
2015,1500,76.37,63.62,4.62418176,9.97,324
2015,1600,75.956,61.08,4.2848784,9.303,324.8
2015,1700,76.514,61.97,4.2960544,9.392,316.4
2015,1800,75.866,59.92,4.13780224,9.088,319.9
2015,1900,74.192,67.62,2.581656,5.672,320.7
2015,2000,70.394,75.8,2.3313136,5.13,327.8
2015,2100,67.856,74.5,2.08588864,4.507,333.8
2015,2200,67.262,76.6,0.78813152,0.166,305.6
2015,2300,64.04,84.2,1.240536,2.056,242.3
2015,2400,61.178,88,2.29108,5.006,300.5
2015,100,60.602,89.2,3.10737504,6.848,320.2
2015,200,59.504,86,2.05459584,4.312,332.8
2015,300,56.822,92.5,1.36704832,2.95,292
2015,400,56.66,91.3,1.48909024,3.306,286
2015,500,57.038,87.2,1.61336736,3.459,269.2
2015,600,56.516,86.8,1.89455552,4.178,294.6
2015,700,58.262,88,1.32368544,2.54,262.3
2015,800,61.484,87.7,1.90841376,4.106,232.4
2015,900,69.044,73.3,2.76583648,6.068,248.1
2015,1000,73.472,58.88,3.96837408,8.624,249.9
2015,1100,75.668,49.4,4.55623168,9.903,258.2
2015,1200,77.324,45.16,4.78466912,10.394,263
2015,1300,78.782,43.09,4.72565984,10.293,270.1
2015,1400,79.772,43.92,4.71135456,10.284,273.7
2015,1500,80.726,40.89,4.26073824,9.242,274.7
2015,1600,80.96,42.59,3.87941312,8.469,281.1
2015,1700,80.924,42.7,3.50389952,7.661,268.1
2015,1800,80.456,49.17,2.18915488,4.731,253.3
2015,1900,78.548,60.28,1.45377408,3.21,230.6
2015,2000,74.48,68.83,1.821688,3.866,226.5
2015,2100,70.124,73.7,1.86952128,3.716,236.9
2015,2200,70.124,67.44,2.1390864,4.231,269.3
2015,2300,66.974,74.3,1.93881248,4.308,237.9
2015,2400,64.778,80,1.7903952,3.942,234.2
2015,100,63.896,81.6,2.09974688,4.601,238.5
2015,200,61.16,88,2.16993216,4.764,219.7
2015,300,61.574,84.9,2.12299296,4.516,227.4
2015,400,60.8,85.9,2.26515168,4.993,223.7
2015,500,61.538,81.4,1.88069728,3.741,250.8
2015,600,61.664,79.7,1.91243712,3.862,252.9
2015,700,62.744,79.9,1.14755168,2.377,232.6
2015,800,66.776,77,2.2821392,4.87,263.1
2015,900,71.87,67.46,3.59286048,7.777,268.7
2015,1000,75.236,62.39,4.50124576,9.789,268.6
2015,1100,77.594,63.67,4.02470112,8.669,276.1
2015,1200,79.538,60.27,4.39797952,9.509,261.2
2015,1300,80.852,59.08,4.2379392,9.206,249.2
2015,1400,82.364,56.97,3.4667952,7.47,243.6
2015,1500,83.768,53.1,3.51999296,7.54,243.2
2015,1600,84.344,51.17,3.27367392,7.105,241.5
2015,1700,84.506,54.16,2.66569952,5.775,233.1
2015,1800,84.038,57.96,2.07784192,4.549,224.4
2015,1900,81.842,66.42,1.7233392,3.77,202.5
2015,2000,78.908,69.52,1.24455936,0.697,49.24
2015,2100,77.666,66.58,1.09569504,1.74,41.86
2015,2200,74.588,75.2,1.01120448,0.988,137.1
2015,2300,71.906,85.4,1.14263424,2.433,190.6
2015,2400,68.036,94,1.866392,3.911,179.8
2015,100,67.964,94.4,2.5302464,5.555,186.9
2015,200,67.262,95.2,2.51549408,5.412,190.1
2015,300,66.254,94.4,3.12615072,6.85,186.2
2015,400,65.462,90.4,2.65184128,5.781,190.3
2015,500,63.788,92.3,1.66835328,3.633,184.5
2015,600,63.158,93,1.31563872,1.198,200.4
2015,700,64.868,91.5,1.7926304,3.698,21.87
2015,800,69.314,84.1,1.30356864,2.567,38.31
2015,900,72.662,79.3,1.23472448,1.747,144.2
2015,1000,75.164,78.8,1.18867936,1.172,181.2
2015,1100,78.404,75.3,1.32681472,1.727,101.6
2015,1200,80.798,72.4,1.86147456,3.656,81
2015,1300,82.112,70.8,2.06264256,4.016,86.3
2015,1400,82.652,69.9,2.69162784,5.569,76.3
2015,1500,82.922,69.68,2.84004512,5.878,84.1
2015,1600,82.922,69.34,2.4162512,5.038,113.8
2015,1700,83.696,66.46,1.73540928,3.6,110.9
2015,1800,82.832,69.24,1.79441856,3.864,98
2015,1900,78.512,72.7,2.38004096,4.294,214.8
2015,2000,76.46,75,0.82612992,0.69,289.6
2015,2100,74.012,80.3,1.34693152,2.722,351.2
2015,2200,72.248,83.3,0.73895712,0.86,355
2015,2300,69.746,89.8,1.71037504,3.615,14.12
2015,2400,66.812,96.3,1.13369344,1.36,178.5
2015,100,66.866,97.9,0.8203184,0.517,171.4
2015,200,64.724,99,1.19851424,2.305,243.9
2015,300,63.986,99.5,1.26557024,2.444,312.2
2015,400,63.266,99.5,1.05143808,1.727,282.5
2015,500,59.72,99.9,1.329944,2.854,197.4
2015,600,59.522   1,0,2.11405216,4.46,199.4
2015,700,64.382,95,2.99829728,6.536,235.6
2015,800,66.848,91,1.28658112,2.372,188.3
2015,900,70.358,84.8,2.6755344,5.842,224.1
2015,1000,73.922,73.7,3.54994464,7.676,228.1
2015,1100,75.11,69.39,4.12573216,8.956,242.8
2015,1200,73.868,71.7,3.50300544,7.634,249.5
2015,1300,73.526,72.2,1.94372992,3.409,259.6
2015,1400,74.624,68.45,2.7537664,5.557,289.3
2015,1500,78.242,61.43,2.54544576,4.7,249.1
2015,1600,81.482,60.03,3.15342016,6.019,176.6
2015,1700,79.952,66.72,3.26652128,7.128,155.4
2015,1800,78.188,73.4,3.65991648,7.921,165.4
2015,1900,75.83,78.3,3.397504,7.508,173.7
2015,2000,72.158,87.3,2.61563104,5.799,181.6
2015,2100,68.792,93.2,2.4162512,5.342,185.5
2015,2200,67.64,92.2,2.46140224,5.454,185.5
2015,2300,66.254,93.4,1.67908224,3.622,183.8
2015,2400,65.372,95.3,2.59462016,5.721,191.5
2015,100,65.966,94.4,2.50521216,5.479,191
2015,200,66.74,91.8,1.87577984,3.754,203.9
2015,300,66.164,93.6,1.80067712,3.615,187.3
2015,400,65.264,94.8,1.83465216,4.039,185.6
2015,500,63.806,97.4,2.3290784,5.136,173.7
2015,600,62.384,99.1,2.64155936,5.853,177.4
2015,700,63.356,99.5,2.33936032,5.17,176.3
2015,800,68.234,94.2,2.51728224,5.311,205.5
2015,900,73.418,79.7,2.24503488,4.738,234
2015,1000,77.234,71.1,2.5794208,5.448,231.3
2015,1100,80.204,66.11,3.31346048,6.854,250.4
2015,1200,82.616,63.18,3.66081056,7.69,291.3
2015,1300,83.624,63.08,3.80118112,8.252,307.2
2015,1400,84.056,62.07,3.5226752,7.607,316.5
2015,1500,85.046,58.17,3.07921152,6.648,336.4
2015,1600,85.01,58.23,2.69475712,5.71,355.6
2015,1700,83.732,59.77,2.58433824,5.551,359.4
2015,1800,83.03,63.59,1.86773312,4.012,349.9
2015,1900,80.528,71.8,1.81766464,3.958,340.9
2015,2000,76.334,73.9,2.32505504,5.058,353.6
2015,2100,72.446,78.9,2.00363328,4.355,13.25
2015,2200,69.962,83.6,1.80559456,3.508,328.1
2015,2300,66.74,90.2,2.1390864,4.086,346.1
2015,2400,65.39,88.4,2.18513152,4.711,19.75
2015,100,64.418,90.4,2.14400384,4.632,42.73
2015,200,64.256,89.3,0.94012512,1.281,358.8
2015,300,62.69,92.9,1.10329472,2.157,323.5
2015,400,61.016,95.7,1.0863072,1.528,295.3
2015,500,59.936,98,0.637032,0.233,219.4
2015,600,60.44,98.1,0.71481696,0.264,243.1
2015,700,62.15,96.8,1.106424,1.823,355.4
2015,800,65.012,93,1.53826464,3.158,297.9
2015,900,69.17,77.1,1.73049184,3.588,158.3
2015,1000,71.636,70.4,2.44620288,5.233,137.3
2015,1100,73.688,67.02,2.50431808,4.937,114.4
2015,1200,75.182,61.69,2.14310976,3.942,98.4
2015,1300,76.64,58.46,1.4841728,1.566,89
2015,1400,78.008,55.81,1.27764032,0.094,46.82
2015,1500,78.314,58.44,1.5780512,1.814,196
2015,1600,78.062,60.69,1.6562832,2.715,191.9
2015,1700,78.512,58.09,1.27495808,1.98,213.4
2015,1800,78.026,60.07,0.75013312,1.214,207.8
2015,1900,75.29,74.3,1.27093472,2.572,154
2015,2000,72.32,79.3,1.4037056,3.109,94.2
2015,2100,70.952,80,1.25662944,2.574,108.3
2015,2200,69.944,81.5,1.31474464,2.836,161.7
2015,2300,68.216,85.9,1.41175232,3.14,159.4
2015,2400,67.316,88.2,1.33173216,2.854,125.1
2015,100,66.974,87.3,1.65225984,3.555,127.4
2015,200,64.472,89.8,1.73943264,3.709,139.1
2015,300,63.896,90.2,1.73540928,3.745,163.2
2015,400,64.22,92.6,2.51549408,5.195,216.1
2015,500,64.49,91.9,1.64823648,3.096,165.9
2015,600,64.634,92,0.92805504,1.555,198.3
2015,700,64.004,95.4,1.12341152,0.853,242.5
2015,800,64.436,95.5,2.0697952,1.104,237.5
2015,900,65.588,93.2,1.56821632,1.727,227.2
2015,1000,66.848,90.8,1.64421312,0.793,294.9
2015,1100,67.766,87,3.79402848,7.974,137.4
2015,1200,68.756,84.5,5.04305824,10.808,125.8
2015,1300,71.852,76.6,3.6679632,7.75,121.8
2015,1400,73.508,72.2,4.10472128,8.848,136
2015,1500,74.39,69.48,3.62907072,7.768,125.9
2015,1600,75.146,68.61,3.0890464,6.621,108.5
2015,1700,75.11,68.24,3.3706816,7.273,102.6
2015,1800,73.04,72.5,3.27054464,7.105,106
2015,1900,70.646,79.1,2.503424,5.475,114.1
2015,2000,69.458,84.1,2.49850656,4.76,106.1
2015,2100,66.146,89.6,3.4489136,7.513,91.9
2015,2200,66.308,88.5,3.78508768,8.304,100.5
2015,2300,65.678,90.1,3.33536544,6.969,106.1
2015,2400,64.742,90.8,2.32729024,4.915,60.21
2015,100,64.508,94.3,3.58883712,7.869,89.1
2015,200,64.814,93.3,3.66706912,8.017,98.8
2015,300,64.058,94.2,2.40820448,5.23,111.5
2015,400,62.96,96.7,1.57313376,3.046,70.5
2015,500,62.996,98.6,1.72646848,3.618,49.68
2015,600,63.662,99.1,2.07381856,4.52,62
2015,700,64.166,98.4,2.5146,5.468,66.9
2015,800,64.832,98.7,2.61563104,5.475,97.3
2015,900,65.84,98.4,2.02196192,4.348,101.6
2015,1000,67.244,96.3,2.08901792,4.173,93.5
2015,1100,67.82,95.3,1.82928768,3.734,85.9
2015,1200,68.198,95.5,2.40909856,5.156,93.1
2015,1300,69.314,94.5,2.31030272,4.984,101.1
2015,1400,71.582,89.5,1.86460384,3.768,105.9
2015,1500,74.156,84.3,2.19183712,4.596,148.6
2015,1600,75.56,81.3,2.1547328,4.341,147.4
2015,1700,76.37,79.3,2.38138208,4.997,149.2
2015,1800,75.776,80.3,3.41851488,7.39,154.2
2015,1900,74.408,83.1,2.67374624,5.837,157.8
2015,2000,71.006,91.3,2.3000208,5.038,165.2
2015,2100,68.342,96.7,2.29018592,5.051,166.7
2015,2200,67.154,98.2,2.37333536,5.221,157.4
2015,2300,66.056,99.1,2.35321856,5.127,153.4
2015,2400,65.21,99.7,2.06577184,4.547,160.5
2015,100,64.796,0,2.0697952,4.471,163
2015,200,63.95,0,1.69115232,3.698,167
2015,300,64.166,0,2.14713312,4.572,156.7
2015,400,63.59,0,2.4453088,5.264,171.6
2015,500,64.202,0,3.0331664,6.671,197.2
2015,600,64.634,0,2.75689568,6.05,193.4
2015,700,65.12,0,1.27272288,2.695,211.1
2015,800,65.714   1,0,2.19183712,4.794,186.4
2015,900,66.848   1,0,5.24735552,11.54,181.8
2015,1000,68.522,96.2,9.06239488,19.757,190.1
2015,1100,70.916,90,5.71898272,12.383,185.5
2015,1200,73.4,80.6,6.9984112,15.257,179.8
2015,1300,75.722,75.5,6.58802848,14.343,186.6
2015,1400,77.216,71.2,6.25543072,13.563,185.9
2015,1500,79.106,67.58,4.42927232,9.612,202.9
2015,1600,79.826,66.98,4.034536,8.761,197.1
2015,1700,79.718,68.27,4.74845888,10.373,194.8
2015,1800,78.566,71.7,4.7565056,10.436,191.4
2015,1900,76.694,75.3,4.43418976,9.762,188.7
2015,2000,72.968,84.7,3.45651328,7.587,175.7
2015,2100,71.06,90.4,2.34606592,5.074,163.9
2015,2200,70.142,92,1.76044352,3.624,195.2
2015,2300,69.044,94.8,2.24905824,4.928,187.9
2015,2400,68.27,96.3,2.50834144,5.535,199.5
2015,100,67.55,97.6,2.0317968,4.464,213.7
2015,200,66.704,98.3,1.3277088,2.778,218.5
2015,300,66.056,99.3,1.20343168,2.35,258.4
2015,400,64.922,99.8,0.89944448,1.357,240
2015,500,64.166   1,0,0.97946464,1.537,277.5
2015,600,62.222   1,0,1.2986512,2.607,281.3
2015,700,64.058   1,0,1.67327072,3.602,275.1
2015,800,68.702,94.2,1.67550592,3.566,286.2
2015,900,74.3,83.8,1.87354464,3.916,260.3
2015,1000,78.764,72.8,1.80738272,3.821,292
2015,1100,81.662,62.12,2.20703648,4.536,275.2
2015,1200,83.264,54.49,1.97859904,4.043,283.5
2015,1300,83.732,52.83,1.34290816,1.774,209.5
2015,1400,85.298,46.81,1.29462784,2.206,213.5
2015,1500,85.604,47.61,1.62007296,2.379,216.1
2015,1600,85.874,47.01,1.5601696,3.136,198.5
2015,1700,85.64,50.31,1.36168384,2.769,136.6
2015,1800,81.536,65.33,1.65225984,3.629,146.5
2015,1900,79.772,69.73,1.20566688,2.592,89.3
2015,2000,77.72,72.9,1.39297664,3.046,137.1
2015,2100,73.742,82,2.67955776,5.869,138.9
2015,2200,72.662,84.8,1.96652896,4.122,141.3
2015,2300,70.934,90,2.01480928,4.366,164.7
2015,2400,70.448,92.1,2.40015776,4.794,155.5
2015,100,71.168,90.3,3.61297728,7.461,198.7
2015,200,71.438,92,5.03009408,11.03,189.6
2015,300,71.438,91.6,7.10972416,15.631,195.6
2015,400,70.322,91.7,5.21829792,11.442,201.5
2015,500,68.522,89.5,3.20035936,6.94,197.5
2015,600,66.47,89.2,3.22449952,6.839,168.6
2015,700,66.632,90.4,2.94018208,6.442,123
2015,800,69.206,84.7,3.31837792,7.264,135.7
2015,900,71.708,81.3,4.10561536,8.917,151
2015,1000,73.49,78.3,3.43952576,7.448,164.7
2015,1100,75.002,76.6,3.43282016,6.989,185.7
2015,1200,76.298,75.1,3.54770944,7.668,198.6
2015,1300,78.152,73.9,2.54231648,4.955,188.5
2015,1400,78.08,75.4,3.30630784,7.128,164.5
2015,1500,77.486,76.2,3.37559904,7.152,147.7
2015,1600,77.432,74.9,2.995168,6.359,157.8
2015,1700,74.696,82.4,2.58657344,5.578,146.6
2015,1800,73.328,89.3,2.16188544,4.659,135.6
2015,1900,72.86,90.5,3.06714144,6.675,134.4
2015,2000,72.122,88.6,1.87577984,2.93,61.69
2015,2100,70.592,93.1,1.67237664,2.493,49.33
2015,2200,69.44,96.3,2.02777344,4.381,32.39
2015,2300,68.936,97.9,2.1167344,4.57,31.45
2015,2400,68.792,98.1,1.62007296,3.432,55.62
2015,100,67.964,98.6,1.35497824,2.901,30.39
2015,200,67.514,99.6,1.57894528,3.326,29.8
2015,300,66.812,99.9,1.11044736,2.213,338.4
2015,400,67.226   1,0,1.04741472,2.009,1.519
2015,500,66.938   1,0,1.86549792,3.839,316.4
2015,600,67.118   1,0,1.68712896,3.604,333.2
2015,700,68.036   1,0,1.54809952,3.268,22.13
2015,800,68.810   1,0,1.85432192,3.882,30.68
2015,900,70.196   1,0,2.57137408,5.226,105.2
2015,1000,72.716,97.3,3.19723008,6.783,131
2015,1100,74.318,91.6,2.87491424,6.117,172
2015,1200,76.064,86.9,2.43547392,4.841,208
2015,1300,78.602,78.2,1.45600928,2.28,273.6
2015,1400,81.41,69.62,1.49400768,2.283,274.1
2015,1500,82.724,66.88,1.70232832,2.981,219
2015,1600,81.32,70.5,1.64644832,2.872,223.3
2015,1700,78.944,82.3,1.25350016,1.525,265.7
2015,1800,77.666,84.9,1.38403584,2.625,347.3
2015,1900,77.108,85.4,1.07468416,0.618,311.2
2015,2000,75.614,89.8,1.3277088,2.645,7.53
2015,2100,67.676,89,5.2571904,10.826,1.556
2015,2200,65.138,93.4,2.98220384,6.429,14.05
2015,2300,64.886,97.3,2.19809568,4.686,29.68
2015,2400,64.67,97.2,1.5512288,2.701,68.48
2015,100,63.374,98.2,2.29733856,4.85,328.2
2015,200,62.924,99.1,1.78324256,3.815,339.8
2015,300,63.194,99.8,2.74169632,5.927,343.1
2015,400,64.166   1,0,2.79578816,5.99,350.3
2015,500,63.860   1,0,2.66480544,5.746,340.6
2015,600,62.042,99.7,2.38317024,5.228,322
2015,700,62.528,99.6,2.9549344,6.442,321.3
2015,800,65.426,95.6,3.44265504,7.459,342.9
2015,900,68.414,89.2,3.47886528,7.461,347.7
2015,1000,72.194,80.2,3.16817248,6.729,351.6
2015,1100,74.372,73.4,3.76899424,8.028,9.69
2015,1200,76.046,67.26,3.61789472,7.699,16.71
2015,1300,76.964,59.8,3.6970208,7.804,6.35
2015,1400,77.792,55.11,3.4287968,7.13,11.5
2015,1500,78.044,54.91,3.38051648,7.222,358.9
2015,1600,77.342,56.52,3.14626752,6.554,0.094
2015,1700,77.126,56.48,2.68268704,5.712,2.989
2015,1800,76.946,57.98,2.51549408,5.387,344.3
2015,1900,74.588,65.55,1.97278752,4.287,342.4
2015,2000,70.448,75.2,1.81542944,3.886,341.6
2015,2100,68.126,79.2,1.2248896,2.524,11.7
2015,2200,67.118,81.3,0.6437376,1.328,232.5
2015,2300,66.758,84.2,1.0796016,2.278,290.3
2015,2400,63.572,91.6,1.70411648,3.725,300.6
2015,100,62.15,94.6,1.7523968,3.824,295.7
2015,200,60.872,95.1,1.76536096,3.817,292.7
2015,300,60.008,94.6,1.96161152,4.343,287
2015,400,60.188,92.1,1.55212288,3.432,305
2015,500,58.694,95.1,1.09256576,2.047,259
2015,600,58.01,95.1,1.47612608,3.111,303.4
2015,700,59.63,93.2,0.972312,2.018,292.7
2015,800,63.752,89.2,1.35587232,2.829,295.9
2015,900,69.296,82.5,1.87175648,3.918,295
2015,1000,73.976,70.5,2.34830112,5.022,324.7
2015,1100,76.622,63.13,1.6562832,2.943,337.9
2015,1200,78.224,58.1,1.31966208,0.95,30.73
2015,1300,79.682,53.63,1.49624288,0.97,322.4
2015,1400,80.726,51.88,1.73317408,2.325,341.3
2015,1500,81.41,48.56,1.9043904,3.53,304.5
2015,1600,82.472,49.55,1.3567664,2.003,346
2015,1700,81.86,51.56,1.4260576,1.877,83.8
2015,1800,81.482,51.73,1.0684256,1.958,178.8
2015,1900,79.232,61.62,1.07244896,2.35,187.1
2015,2000,76.082,68.23,1.16856256,2.348,137.5
2015,2100,72.356,76.5,1.38671808,3.049,153
2015,2200,68.936,84.8,1.49892512,3.288,160.1
2015,2300,66.38,90.6,1.6071088,3.519,163.8
2015,2400,64.904,94.1,1.41309344,3.107,164.8
2015,100,63.608,95.5,1.40683488,3.107,172.7
2015,200,62.51,96.5,1.48998432,3.273,176.3
2015,300,61.52,98.3,1.3679424,2.993,178.4
2015,400,61.952,97.2,1.039368,2.159,152.4
2015,500,60.692,97.6,1.28568704,2.809,169.2
2015,600,59.45,99.8,1.307592,2.813,166.4
2015,700,59.882,99.7,1.57313376,3.476,173.4
2015,800,64.85,94.5,1.80335936,3.862,185.2
2015,900,70.988,84.6,2.67061696,5.75,196.2
2015,1000,75.83,72.6,3.65991648,7.932,208.1
2015,1100,78.62,63.61,4.19278816,9.108,213.8
2015,1200,80.006,58.68,4.48023488,9.74,210.1
2015,1300,80.978,55.77,4.74667072,10.268,209.4
2015,1400,81.77,55.3,4.51108064,9.766,203.8
2015,1500,82.094,55.09,4.38009792,9.52,204.1
2015,1600,82.904,55.35,3.99743168,8.723,203.6
2015,1700,82.454,56.03,3.92456416,8.559,204.7
2015,1800,80.888,61.76,3.94825728,8.711,190.7
2015,1900,78.152,67.97,3.63398816,8.021,181.3
2015,2000,73.148,80.5,3.051048,6.767,175.2
2015,2100,69.278,89.4,2.29108,5.08,172.7
2015,2200,67.478,92.3,2.27811584,5.031,164.4
2015,2300,66.074,94.6,2.48733056,5.459,177.9
2015,2400,66.056,94,3.05238912,6.747,189.8
2015,100,64.994,96.6,2.5123648,5.564,178.2
2015,200,64.274,97,2.28705664,5.02,175
2015,300,64.58,93.9,2.37512352,5.224,163.9
2015,400,63.536,94.7,2.38540544,5.219,165.5
2015,500,62.492,95.3,2.68760448,5.909,185.1
2015,600,63.05,92.5,2.99919136,6.644,192.6
2015,700,63.662,92.8,3.08725824,6.845,200.3
2015,800,67.964,88.7,2.90710112,6.281,199.6
2015,900,74.138,75.6,3.76720608,8.221,219.7
2015,1000,77.864,63.77,5.20399264,11.39,226.7
2015,1100,80.402,60.46,4.22765728,9.222,224.6
2015,1200,81.608,62.13,3.68897408,8.015,202.8
2015,1300,82.724,63.9,3.88433056,8.499,199.2
2015,1400,82.832,64.75,3.93931648,8.626,197.6
2015,1500,82.688,63.47,3.68003328,8.037,198
2015,1600,82.58,65.02,3.55083872,7.795,173.4
2015,1700,81.23,67.61,3.07205888,6.763,170.5
2015,1800,79.268,72.8,2.1480272,4.668,152.8
2015,1900,77.468,78.2,2.27230432,4.955,156.9
2015,2000,74.426,87.3,1.91869568,4.24,169.4
2015,2100,72.68,87.9,2.26604576,5.018,180.8
2015,2200,70.97,88.7,2.37244128,5.197,177.8
2015,2300,69.296,90.8,2.38540544,5.266,188.9
2015,2400,68.162,93.8,2.52845824,5.575,180.9
2015,100,67.604,95.2,1.81766464,3.938,162.3
2015,200,66.416,97.4,2.01793856,4.469,175.2
2015,300,66.02,97.2,2.0519136,4.484,167
2015,400,65.48,97.5,2.33712512,5.19,172.3
2015,500,64.958,97.9,2.6688288,5.92,175.6
2015,600,64.526,97.1,2.7627072,6.115,174.6
2015,700,64.67,97.1,2.5213056,5.573,174.3
2015,800,68.252,91.5,2.64245344,5.815,181.4
2015,900,72.77,82,3.24238112,7.074,184
2015,1000,76.55,74.1,2.79087072,5.907,182.1
2015,1100,79.772,68.17,2.79087072,5.802,173.4
2015,1200,82.238,63.87,3.16325504,6.707,154.6
2015,1300,83.57,63.27,3.62191808,7.782,156.3
2015,1400,84.614,61.62,4.4681648,9.65,169.4
2015,1500,85.388,60.97,4.17177728,9.054,171.7
2015,1600,85.586,60.12,4.25895008,9.269,175.9
2015,1700,84.956,62.44,4.21469312,9.227,171.6
2015,1800,83.912,66.76,3.52178112,7.726,167.6
2015,1900,80.996,73.4,2.9482288,6.487,159.5
2015,2000,76.226,83.3,2.41446304,5.32,159.4
2015,2100,72.968,87.5,2.15383872,4.758,156.7
2015,2200,70.934,91.4,2.09706464,4.628,154.7
2015,2300,68.774,95.6,2.13595712,4.724,168.2
2015,2400,68.522,94.9,2.87983168,6.371,169.6
2015,100,67.874,94.5,3.16236096,7.018,175.9
2015,200,66.56,96.4,2.94286432,6.514,176.7
2015,300,65.228,98,2.50744736,5.531,171.8
2015,400,64.292,98.8,2.7649424,6.115,169.3
2015,500,62.978,99.8,2.91783008,6.458,170
2015,600,62.474   1,0,2.83378656,6.261,166.9
2015,700,63.572,98.7,3.08412896,6.81,169.9
2015,800,67.406,92.1,3.28037952,7.206,165.5
2015,900,72.356,81.5,4.03632416,8.823,168.5
2015,1000,76.388,74.5,4.53030336,9.892,180.3
2015,1100,79.646,69.71,4.63222848,10.082,181.9
2015,1200,81.986,66.29,5.25808448,11.451,180.7
2015,1300,83.714,62.94,6.02207584,13.106,178.2
2015,1400,84.668,57.41,6.70738816,14.647,184.4
2015,1500,85.01,55.56,6.52410176,14.264,179
2015,1600,84.668,55.75,6.6251328,14.535,175.8
2015,1700,83.822,55.71,6.61798016,14.558,180.7
2015,1800,82.814,58.75,5.66265568,12.466,176.1
2015,1900,80.078,65.94,4.90268768,10.833,174.7
2015,2000,75.308,77.7,3.71222016,8.163,164.4
2015,2100,72.482,85,4.04839424,8.929,162.4
2015,2200,71.204,85.3,3.81503936,8.416,168.8
2015,2300,70.484,83.3,4.25403264,9.381,166.6
2015,2400,70.088,82.1,4.50213984,9.948,171.9
2015,100,70.52,80.4,4.20396416,9.294,225.5
2015,200,70.646,80.2,4.87184192,10.748,224.5
2015,300,70.772,78.6,3.83515616,8.355,225.9
2015,400,70.376,78.1,4.6201584,10.174,226.4
2015,500,71.312,74,5.57280064,12.295,222.4
2015,600,70.88,75.1,4.83563168,10.662,222.8
2015,700,69.836,79,3.5740848,7.862,226.4
2015,800,69.278,81.8,3.41672672,7.493,226.3
2015,900,72.554,75.8,4.46995296,9.791,222.7
2015,1000,74.102,74.2,3.85706112,8.346,222.4
2015,1100,75.272,74.2,3.66885728,8.048,222.9
2015,1200,77.594,70.7,4.2178224,9.173,222.9
2015,1300,80.024,67.73,4.22363392,9.043,224.9
2015,1400,81.248,66.38,3.28261472,6.83,224.7
2015,1500,81.104,68.14,2.13774528,4.372,230.7
2015,1600,80.564,73.1,1.25081792,1.147,297.7
2015,1700,78.548,83.2,1.50786592,2.401,222.8
2015,1800,77.54,86.9,1.45019776,2.657,235.7
2015,1900,76.748,90.2,0.7398512,0.511,41.54
2015,2000,73.508,94.3,2.39926368,5.188,155
2015,2100,72.104,96.1,3.51865184,7.71,223.9
2015,2200,70.934,95.8,2.69654528,5.817,224.1
2015,2300,70.52,97.2,2.98220384,5.979,277.4
2015,2400,67.676,98.8,4.448048,9.48,222.2
2015,100,63.266,98.4,4.28890176,9.155,359.7
2015,200,63.068,98.6,3.05238912,6.543,1.243
2015,300,62.384,99.7,2.87983168,6.232,9.74
2015,400,62.168,99.8,2.48241312,5.239,2.173
2015,500,61.952,99.9,2.39032288,5.132,2.495
2015,600,60.422,0,3.04925984,6.276,1.519
2015,700,60.206,0,1.9625056,3.945,351.1
2015,800,60.494,0,2.36841792,5.083,338.6
2015,900,60.332,0,3.31837792,7.159,343.4
2015,1000,60.548,99.3,3.18024256,6.83,353.1
2015,1100,60.8,98.8,2.6978864,5.822,356.5
2015,1200,60.926,99.9,2.3380192,5,353.1
2015,1300,60.818,99.9,2.36439456,5.067,228
2015,1400,61.394,99.9,3.49495872,7.439,224
2015,1500,63.59,96.1,2.89816032,6.216,344.3
2015,1600,63.302,96.4,2.7135328,5.766,351
2015,1700,62.762,98,2.69878048,5.806,11.32
2015,1800,62.96,96.5,2.80472896,5.949,27.62
2015,1900,63.104,95.6,1.86236864,3.963,40.74
2015,2000,62.852,96.7,1.92942464,4.054,21.11
2015,2100,61.79,95.4,2.58567936,5.569,19.18
2015,2200,60.908,97.5,2.52532896,5.28,35.6
2015,2300,60.278,98.2,3.11318656,6.704,32.57
2015,2400,59.792,98,3.00992032,6.568,50.89
2015,100,59.252,98.6,3.04925984,6.615,48.71
2015,200,59.072,99.8,3.39884512,7.43,60.59
2015,300,59.288,0,3.00500288,6.5,71.9
2015,400,59.576,0,2.72873216,5.99,67.85
2015,500,59.936,0,3.4936176,7.435,92.2
2015,600,61.79,0,4.60317088,9.869,108.4
2015,700,59.756,99.9,4.52628,9.177,226
2015,800,59.036,99.9,2.74169632,5.475,120.4
2015,900,59.756,99.5,2.89190176,3.521,222.9
2015,1000,61.178,96.1,4.5553376,9.943,237.8
2015,1100,61.214,92.8,4.23078656,9.227,228.5
2015,1200,63.428,85.1,4.30678336,9.287,237.1
2015,1300,65.75,80.5,4.95275616,10.512,239
2015,1400,62.852,81.9,6.4016128,13.906,262.6
2015,1500,64.58,75.3,8.07086016,17.45,265.5
2015,1600,61.124,82.2,8.27113408,18.077,281.1
2015,1700,57.992,85.4,8.31136768,18.256,295.4
2015,1800,56.624,84.6,9.29262048,20.474,220
2015,1900,55.148,88.4,8.62161344,18.995,215
2015,2000,54.482,87.3,8.00112192,17.562,223
2015,2100,54.176,83.9,8.68196384,19.04,224.3
2015,2200,53.06,86.3,8.12092864,17.898,224.4
2015,2300,53.312,85.2,8.07086016,17.741,224.5
2015,2400,53.24,84.3,7.98100512,17.539,224.6
2015,100,51.566,84.8,6.94163712,15.252,297.9
2015,200,50.486,85.8,7.41013504,16.33,225.3
2015,300,50.144,86.3,8.15132736,17.965,222.8
2015,400,51.26,85.4,7.71054592,16.979,225.7
2015,500,52.43,84.7,7.30999808,15.971,310.5
2015,600,52.322,86,6.66000192,14.139,295.7
2015,700,52.916,88.4,6.17764576,13.377,275.5
2015,800,55.49,80,7.17990944,15.814,291.1
2015,900,55.652,84.9,6.0864496,13.371,284.7
2015,1000,58.838,79.8,7.15979264,15.814,297.1
2015,1100,61.448,73.8,7.7606144,17.046,304.6
2015,1200,64.076,67.78,8.37127104,18.256,312.5
2015,1300,65.444,62.64,7.33994976,15.994,315.8
2015,1400,67.244,56.87,6.93537856,15.187,318.9
2015,1500,68.504,51.4,6.86519328,14.941,317.9
2015,1600,67.838,49.87,6.15931712,13.467,317.1
2015,1700,68.432,52.5,4.55623168,9.849,323.8
2015,1800,67.748,52.5,3.99027904,8.705,325.7
2015,1900,64.364,63.34,2.6576528,5.835,317.9
2015,2000,60.098,72.5,2.16993216,4.619,316.1
2015,2100,54.914,83.6,2.02777344,4.424,298
2015,2200,52.592,87.3,2.13774528,4.717,289.4
2015,2300,52.412,86.7,1.93881248,4.287,268.4
2015,2400,50.792,88.3,1.93747136,4.314,278.5
2015,100,51.404,85.5,1.72155104,3.783,267.2
2015,200,50.828,86.7,1.39878816,3.071,274.3
2015,300,50.126,88.9,1.82437024,3.987,263.9
2015,400,49.28,92.3,0.90436192,1.812,226.2
2015,500,49.514,93.6,0.95040704,1.949,225.9
2015,600,51.044,91.2,0.85921088,1.151,139.5
2015,700,50.216,94.4,1.69025824,3.584,225.4
2015,800,55.022,90.3,1.598168,3.387,151.2
2015,900,61.808,80.6,2.08901792,4.339,224.5
2015,1000,67.064,69.81,2.68581632,5.764,224.6
2015,1100,71.762,60.49,2.69475712,5.634,225.5
2015,1200,74.93,48.23,3.00008544,6.292,227.8
2015,1300,76.532,45.53,3.41449152,7.114,229.7
2015,1400,77.81,45.24,3.24953376,6.839,220.4
2015,1500,78.764,43.65,3.66617504,7.844,221.5
2015,1600,78.62,43.69,1.3,9.493,222.4
2015,1630,78.143,47.03,1.3,,222.5
2015,1700,77.666,50.37,1.8,10.445,222.2
2015,1730,76.883,52.845,1.8,,222.6
2015,1800,76.1,55.32,1.8,10.111,224
2015,1830,74.255,59.815,1.8,,228.1
2015,1900,72.41,64.31,1.3,6.899,180
2015,1930,69.953,70.855,0.9,,137
2015,2000,67.496,77.4,0.9,5.609,151.2
2015,2030,66.695,79.75,0.9,,135
2015,2100,65.894,82.1,0.9,6.673,135
2015,2130,65.201,83.95,0.9,,135
2015,2200,64.508,85.8,0.9,8.348,137
2015,2230,64.409,84.45,0.9,,180
2015,2300,64.31,83.1,0.9,8.409,173.2
2015,2330,64.931,78.65,0.9,,137
2015,2400,65.552,74.2,4.61434688,10.181,181.3
2015,100,64.148,72.4,4.7743872,10.557,191.4
2015,200,63.59,71.1,4.66754464,10.32,190.3
2015,300,63.428,69.23,4.75963488,10.499,189
2015,400,62.366,70.9,3.76228864,8.183,178.5
2015,500,61.484,72.8,2.8007056,6.044,172.7
2015,600,60.152,79,2.93213536,6.429,149.7
2015,700,60.854,81.2,3.69210336,8.127,164.6
2015,800,62.6,78.9,1.3,9.778,157.5
2015,830,66.128,73.8,1.3,,157.5
2015,900,66.128,73.8,1.8,10.313,180
2015,930,67.802,70.97,2.2,,180
2015,1000,69.476,68.14,2.7,14.215,180
2015,1030,70.835,66.94,2.7,,202.5
2015,1100,72.194,65.74,3.1,14.685,202.5
2015,1130,73.364,64.14,3.1,,202.5
2015,1200,74.534,62.54,2.7,14.95,202.5
2015,1230,75.461,62.35,3.1,,202.5
2015,1300,76.388,62.16,3.1,15.082,202.5
2015,1330,77.036,62.58,3.1,,202.5
2015,1400,77.684,63,3.1,15.494,180
2015,1430,78.143,63.035,3.1,,180
2015,1500,78.602,63.07,3.6,16.15,180
2015,1530,78.944,63.235,3.1,,180
2015,1600,79.286,63.4,3.1,15.971,180
2015,1700,79.052,65.33,7.28988128,16.016,175.8
2015,1800,77.936,67.34,6.11953056,13.456,174.4
2015,1900,75.236,73.1,5.25316704,11.57,168.9
2015,2000,71.978,79.2,4.16060128,9.162,161.8
2015,2100,69.368,85.6,4.04660608,8.904,157.5
2015,2200,68.558,87.1,3.93439904,8.655,158.4
2015,2300,67.298,89.2,3.70417344,8.138,161.8
2015,2400,67.334,92.6,4.53611488,9.957,169.2
2015,100,67.82,94.3,5.69394848,12.51,171.7
2015,200,67.928,95,5.54642528,12.19,171.3
2015,300,67.712,96,5.98407744,13.182,173.9
2015,400,68.522,94.1,6.403848,14.094,178.7
2015,500,68.918,93.3,5.79274432,12.721,180.3
2015,600,68.972,93.4,6.1043312,13.442,176.6
2015,700,69.116,93.6,6.68503616,14.683,172.4
2015,800,70.142,90.8,2.7,17.427,180
2015,830,72.122,86.4,2.7,,180
2015,900,72.122,86.4,3.1,18.368,157.5
2015,930,73.238,84.65,3.6,,180
2015,1000,74.354,82.9,3.1,19.04,180
2015,1030,75.191,81.55,3.6,,180
2015,1100,76.028,80.2,4,18.032,180
2015,1130,77.612,77.6,4,,202.5
2015,1200,77.612,77.6,3.6,15.348,202.5
2015,1230,79.124,72.1,3.1,,202.5
2015,1300,79.124,72.1,3.6,15.859,202.5
2015,1330,79.07,72.3,3.6,,202.5
2015,1400,79.016,72.5,3.6,12.815,222.4
2015,1430,76.127,72.7,2.7,,221.8
2015,1500,73.238,72.9,2.7,11.402,220.4
2015,1530,69.8,71.7,2.2,,292.5
2015,1600,69.8,71.7,3.1,13.541,292.5
2015,1700,67.46,73.3,6.63899104,14.394,305.3
2015,1800,68.162,66.65,7.56034048,16.531,310.6
2015,1900,67.388,65.17,4.4659296,9.648,316.7
2015,2000,64.436,59.27,4.60048864,10.033,324
2015,2100,60.674,65,2.52532896,5.186,320.5
2015,2200,57.614,72.4,2.3000208,4.903,276.1
2015,2300,56.66,68.69,4.91788704,10.86,298.9
2015,2400,53.762,74.5,4.05644096,8.98,289.4
2015,100,52.988,74.4,4.09846272,8.906,271.5
2015,200,50.882,79.1,2.87402016,5.862,259.4
2015,300,50.27,80.3,2.83780992,5.929,260.1
2015,400,52.574,73.4,4.79763328,10.528,300.6
2015,500,53.312,69.74,6.63899104,14.52,311.8
2015,600,52.952,70.4,6.58221696,14.417,314.1
2015,700,52.646,72.6,5.35419808,11.751,304.3
2015,800,54.644,69.07,2.7,11.897,292.5
2015,830,55.877,66.215,2.7,,359.9
2015,900,57.11,63.36,2.7,14.314,292.5
2015,930,57.938,61.82,3.1,,292.5
2015,1000,58.766,60.28,4,15.21,315
2015,1030,60.683,56.485,4,,315
2015,1100,62.6,52.69,4,13.91,292.5
2015,1130,64.148,50.25,3.6,,270
2015,1200,65.696,47.81,3.6,13.834,292.5
2015,1230,64.958,49.415,3.6,,315
2015,1300,64.22,51.02,3.6,13.991,292.5
2015,1330,64.958,49.415,3.6,,292.5
2015,1400,65.696,47.81,3.6,13.955,315
2015,1430,66.443,46.465,4,,270
2015,1500,67.19,45.12,3.6,13.33,292.5
2015,1530,67.514,43.655,3.6,,292.5
2015,1600,67.838,42.19,3.1,13.794,270
2015,1700,68.144,39.69,6.02028768,13.205,290.3
2015,1800,67.118,42.22,4.87765344,10.759,295.4
2015,1900,63.068,54.7,3.12615072,6.931,294.1
2015,2000,57.974,64.34,2.1837904,4.603,299.5
2015,2100,54.23,71.8,1.93657728,4.135,292
2015,2200,53.096,74.8,1.81855872,3.96,269.7
2015,2300,49.838,81.2,2.03760832,4.404,280.7
2015,2400,49.226,81.5,2.16412064,4.787,272.7
2015,100,47.732,84.4,1.81140608,3.862,296.2
2015,200,47.552,84.3,1.46718528,3.212,274.2
2015,300,44.996,89.9,2.05459584,4.514,291.5
2015,400,44.726,91,1.93657728,4.263,283
2015,500,43.171,93.8,2.30493824,4.955,285.6
2015,600,42.521,94.3,1.83644032,3.812,276.4
2015,700,44.154,93.6,2.00855072,4.422,292.7
2015,800,49.946,89.4,0.1,4.614,292.5
2015,830,,,0.4,,292.5
2015,900,57.722,76.5,0.4,5.058,292.5
2015,930,63.122,62.74,0.9,,337.5
2015,1000,63.122,62.74,0.9,5.685,315
2015,1030,67.46,50.91,0.9,,337.5
2015,1100,65.804,55.12,1.3,5.94,337.5
2015,1130,70.07,47.51,1.3,,337.5
2015,1200,67.46,50.91,1.3,7.237,337.5
2015,1230,71.258,45.73,1.3,,315
2015,1300,68.882,48.4,1.8,7.753,315
2015,1330,69.926,49.5,1.8,,315
2015,1400,70.07,47.51,1.8,6.653,315
2015,1430,62.132,66.16,1.8,,337.5
2015,1500,70.79,46.06,1.8,7.715,337.5
2015,1530,56.606,73.6,1.8,,292.5
2015,1600,71.258,45.73,1.8,7.452,315
2015,1700,71.024,45.55,3.09530496,6.655,322.6
2015,1800,69.926,49.5,2.37244128,5.125,327.8
2015,1900,67.208,57.48,1.59325056,3.403,352.8
2015,2000,62.132,66.16,1.98753984,4.386,6.368
2015,2100,58.298,70.9,1.80425344,3.951,16
2015,2200,56.606,73.6,1.71529248,3.774,15.58
2015,2300,54.842,76.8,1.41085824,2.507,321.7
2015,2400,53.708,79.6,1.99692768,4.404,339.5
2015,100,53.006,80.9,1.98664576,4.386,352.7
2015,200,51.422,85,1.56732224,3.447,7.95
2015,300,48.776,88.8,1.44796256,2.979,297.6
2015,400,48.38,89.8,1.41577568,2.816,300.1
2015,500,47.336,92,1.66432992,3.541,295.8
2015,600,46.76,93,1.80425344,3.593,325.3
2015,700,48.434,91.5,1.29999232,2.504,318.4
2015,800,52.844,90.1,0.1,0.876,112.5
2015,830,56.525,85.6,0.1,,112.5
2015,900,60.206,81.1,0.1,1.841,112.5
2015,930,62.339,74.425,0.1,,112.5
2015,1000,64.472,67.75,0.1,2.863,135
2015,1030,65.417,65.675,0.4,,157.5
2015,1100,66.362,63.6,0.4,3.344,157.5
2015,1130,67.145,60.575,0.4,,180
2015,1200,67.928,57.55,0.4,2.69,180
2015,1230,68.873,55.48,0.4,,90
2015,1300,69.818,53.41,0.4,2.332,112.5
2015,1330,70.484,53.14,0.4,,202.5
2015,1400,71.15,52.87,0.4,1.891,157.5
2015,1430,71.807,52.255,0.4,,202.5
2015,1500,72.464,51.64,0.4,1.572,180
2015,1530,72.671,50.71,0.4,,157.5
2015,1600,72.878,49.78,0.4,2.639,359.9
2015,1700,72.23,51.79,1.74837344,3.624,108.5
2015,1800,70.988,56.62,1.41309344,3.109,98.9
2015,1900,67.514,69.55,1.51010112,3.232,72.7
2015,2000,62.312,79.3,1.73049184,3.783,69.53
2015,2100,60.188,80,1.49713696,3.282,67.43
2015,2200,59.288,76.2,1.50607776,2.984,91.2
2015,2300,58.802,73.5,1.49490176,3.109,122.6
2015,2400,57.218,77.8,1.76536096,3.777,140
2015,100,56.138,81.3,1.65538912,3.568,140
2015,200,54.392,85.6,1.7345152,3.461,138.1
2015,300,52.664,91.1,1.58609792,3.492,161.1
2015,400,52.448,93,1.91869568,4.066,128.3
2015,500,52.394,92.5,1.87846208,4.097,156.8
2015,600,51.836,94.2,1.87175648,4.115,158.1
2015,700,52.826,92.6,2.18200224,4.805,155.5
2015,800,55.004,91.9,0.4,6.534,157.5
2015,900,59.648,85.1,0.9,7.625,157.5
2015,1000,60.998,83.2,1.3,7.399,135
2015,1100,63.176,83,1.3,8.147,112.5
2015,1200,64.94,81.1,1.8,9.854,135
2015,1300,68.108,75.4,1.8,10.371,157.5
2015,1400,70.826,73.6,2.2,9.697,157.5
2015,1500,72.608,72.6,1.8,9.621,157.5
2015,1600,73.292,72,1.8,9.937,157.5
2015,1700,72.716,74.5,4.55712576,10.033,139.4
2015,1800,72.716,74.5,4.38590944,9.632,132.9
2015,1900,71.168,78.5,4.08862784,8.978,128.9
2015,2000,68.306,83.9,3.82040384,8.447,140.2
2015,2100,65.606,88.8,3.6590224,8.06,147.6
2015,2200,64.094,91,3.35458816,7.365,154.4
2015,2300,62.762,94.3,2.90218368,6.38,147.9
2015,2400,61.52,97,3.2276288,7.013,152
2015,100,61.232,97.6,3.13017408,6.872,157.8
2015,200,60.548,98.3,2.91112448,6.303,156.2
2015,300,60.404,98.3,4.01754848,8.814,155
2015,400,60.998,96.9,4.2826432,9.325,143.2
2015,500,61.25,96.4,2.57048,4.523,149.1
2015,600,61.394,96.3,3.24148704,6.205,149.8
2015,700,61.754,96.3,2.99025056,3.082,29.47
2015,800,62.816,93.8,1.3,8.525,67.5
2015,830,63.356,93.45,1.8,,112.5
2015,900,63.896,93.1,1.8,8.194,157.5
2015,930,64.391,91.85,1.3,,157.5
2015,1000,64.886,90.6,1.8,13.823,112.5
2015,1030,66.587,87.6,2.7,,112.5
2015,1100,68.288,84.6,3.1,12.849,112.5
2015,1130,69.305,82.7,2.2,,135
2015,1200,70.322,80.8,2.7,15.196,135
2015,1230,71.276,79.4,2.7,,135
2015,1300,72.23,78,2.7,15.702,135
2015,1330,73.49,76.95,3.1,,135
2015,1400,74.75,75.9,3.1,14.455,135
2015,1430,75.389,75.9,2.7,,135
2015,1500,76.028,75.9,2.7,13.57,135
2015,1530,75.965,76.35,2.7,,135
2015,1600,75.902,76.8,2.2,14.22,135
2015,1700,73.22,84.5,3.76899424,7.497,154.1
2015,1800,71.114,92.2,3.27054464,7.139,55.04
2015,1900,70.52,92.3,5.6617616,12.318,63.44
2015,2000,70.196,92.4,5.8249312,12.69,80.5
2015,2100,69.692,92,5.03277632,11.101,94.2
2015,2200,67.91,94.4,6.41189472,14.029,92
2015,2300,66.254,97.8,4.97063776,10.817,102
2015,2400,66.164,98.9,6.3077344,13.727,113.6
2015,100,65.336,97.7,7.16962752,15.071,99.5
2015,200,64.49,97.8,6.15931712,13.4,97
2015,300,64.166,97.2,5.44539424,11.964,98.4
2015,400,63.824,98.7,4.70151968,10.329,97.8
2015,500,63.518,99.1,4.03543008,8.879,81.6
2015,600,63.59,99.7,2.99427392,6.586,81.6
2015,700,63.608,0,2.00855072,4.258,46.53
2015,800,63.536,0,1.3,5.779,45
2015,830,63.59,49.95,1.3,,45
2015,900,63.644,99.9,1.3,6.682,22.5
2015,930,63.752,99.55,1.3,,22.5
2015,1000,63.86,99.2,1.3,7.746,22.5
2015,1030,63.968,98.4,1.8,,22.5
2015,1100,64.076,97.6,2.2,7.952,22.5
2015,1130,64.715,96.05,2.2,,22.5
2015,1200,65.354,94.5,2.2,8.34,22.5
2015,1230,65.696,94.1,1.8,,22.5
2015,1300,66.038,93.7,2.2,8.241,359.9
2015,1330,66.758,90.95,2.2,,22.5
2015,1400,67.478,88.2,2.2,8.906,22.5
2015,1430,67.145,87.4,2.7,,22.5
2015,1500,66.812,86.6,2.7,9.979,359.9
2015,1530,67.415,84.7,2.7,,359.9
2015,1600,68.018,82.8,2.2,10.174,359.9
2015,1700,68.126,81,4.88480608,10.474,10.48
2015,1800,66.758,82.5,4.40289696,9.428,11.52
2015,1900,64.022,88.3,3.25758048,7.067,20.37
2015,2000,61.376,93.4,2.62278368,5.654,26.61
2015,2100,59.954,93.6,2.77790656,5.954,20.99
2015,2200,58.424,94.8,2.29018592,4.845,8.35
2015,2300,58.046,97.4,1.91064896,4.07,18.79
2015,2400,58.784,96.8,2.3290784,4.984,36.01
2015,100,58.568,96,2.26515168,4.794,16.85
2015,200,58.208,96.3,2.24324672,4.841,10.12
2015,300,57.776,96.6,1.90170816,3.989,23.86
2015,400,57.416,97.8,1.51904192,3.176,22.7
2015,500,56.984,98.6,1.62811968,3.443,36.04
2015,600,56.768,99.1,1.27764032,2.583,52.44
2015,700,56.606,99.6,1.29999232,2.262,46.94
2015,800,56.93,99.8,0.1,0.607,67.5
2015,900,57.29,99.6,0.1,3.194,135
2015,1000,58.55,96.9,0.4,3.893,270
2015,1100,61.358,91.8,0.4,2.455,202.5
2015,1200,65.498,84.6,0.4,2.267,230.1
2015,1300,68.738,79.4,0.4,2.314,180
2015,1400,70.592,77.9,0.4,4.308,135
2015,1500,71.906,77.1,0.9,4.751,157.5
2015,1600,73.31,75.7,0.4,4.807,135
2015,1700,73.364,78.1,2.49537728,5.428,160.4
2015,1800,72.104,83.5,2.279904,4.948,155.8
2015,1900,68.72,91.3,2.50431808,5.537,143.8
2015,2000,64.94,96.4,2.18289632,4.825,149.2
2015,2100,63.068,98.9,3.41449152,7.508,152.1
2015,2200,61.214,99.8,3.07429408,6.765,169.7
2015,2300,59.702,0,3.0041088,6.633,172.7
2015,2400,59.378,0,3.89640064,8.577,182.4